,id,name,serviceProviderCode,hostId,logLevel,enabled,display,hostedACA,isForDemo,state,country,defaultAppActive,databaseType,iconName
0,884c0072-7c8a-42ac-a900-0042c30b686d,ANAHEIMPW,ANAHEIM,2cbdd3d0-cfa8-4ff7-b12c-985ac3cc0d89,90,True,"Anaheim, CA - Public Works",True,False,CA,US,True,1,
1,c5fd485f-a51d-47a6-93f7-008061148b01,BROOKINGS,BROOKINGS,30a4a660-2bac-48c1-868d-98d6599cf1b6,90,True,Brookings,True,False,OR,US,True,1,logo.jpg
5,76113261-8850-43c9-8437-013826e54db3,PIKEVILLE,PIKEVILLE,e2cb7068-865f-4b0d-b774-4d1a63e66c61,90,True,City of Pikeville,True,False,KY,US,True,1,logo.png
8,29d3100a-bc98-422d-a162-018716ca6bb8,BUTTSCO,BUTTSCO,21c44f07-cba8-49d7-902d-b8b300a89fdc,90,True,BUTTSCO,True,False,GA,US,True,1,
14,d65f365d-d277-4f5c-9f9f-023d39f3db3a,BPHC,BPHC,52f80df3-26db-462a-8c4c-125fdb29ce97,90,True,Boston Public Health Commission,,False,MA,US,True,2,logo.jpg
15,d0db7edf-6a4c-4f95-b404-025524a0c67d,paloalto,paloalto,52f80df3-26db-462a-8c4c-125fdb29ce97,100,True,"City of Palo Alto, CA",,False,CA,US,True,2,logo.jpg
17,f87182b8-8607-4580-a24e-025a445b3e62,LANE_CO,LANE_CO,30a4a660-2bac-48c1-868d-98d6599cf1b6,90,True,Lane County,True,False,OR,US,True,1,logo.png
20,008da694-77b8-4a49-9518-02812285b3b6,HARNEY_CO,HARNEY_CO,30a4a660-2bac-48c1-868d-98d6599cf1b6,90,True,Harney County,True,False,OR,US,True,1,logo.jpg
22,92b9e885-b9b5-4130-aa86-02a6ab1f3121,SBCO-BUS,SBCO,f44935c4-7b71-437a-b954-3d1356921ba1,90,True,,,False,CA,US,True,2,
28,d6ac3c12-c1cf-4263-bd0e-03337275bbf2,MADISON,MADISON,1433b36a-6772-49a2-bd7e-2379b4a4b669,90,True,City of Madison,True,False,WI,US,True,2,logo.jpg
35,b2a55c8d-b996-4c67-b8e2-03ee566ae0f6,MENIFEE,MENIFEE,52f80df3-26db-462a-8c4c-125fdb29ce97,90,True,City of Menifee,True,False,CA,,True,2,logo.jpg
36,bd38a186-4ac0-4e1d-8375-03f9fc97cf77,Azure-MT-QA-Geo,QA,52f80df3-26db-462a-8c4c-125fdb29ce97,90,True,,,False,CA,US,True,2,
38,b0dc64da-d082-4722-bc74-04270e283259,STANDARDTEST-ESRI-SQL,STANDARDTEST,24882904-d073-4740-b3a4-29e33df57986,90,True,agency displayName,,False,CA,US,True,2,
56,73e53cce-155b-414e-b0c5-05d927c17727,SOMERTON,SOMERTON,52f80df3-26db-462a-8c4c-125fdb29ce97,90,True,City of Somerton Arizona,True,False,AZ,US,True,2,logo.jpg
59,6e0a3221-94fd-4234-a0cc-06098241616c,AZMONTGOMERY,MONTGOMERY,52f80df3-26db-462a-8c4c-125fdb29ce97,90,True,MONTGOMERY,True,False,OH,US,True,2,logo.png
61,8fad8794-c55d-48d8-9e7e-066c29e47e39,LINCOLNWOOD,LINCOLNWOOD,52f80df3-26db-462a-8c4c-125fdb29ce97,90,True,"Lincolnwood, IL",True,False,IL,US,True,2,
63,5e3fb71f-0975-4ff4-b7cb-0691f1a18a72,KETTERING,KETTERING,52f80df3-26db-462a-8c4c-125fdb29ce97,90,True,KETTERING,True,False,OH,US,True,2,logo.png
64,557d30c5-25cc-4ffa-819d-0699296ca3e8,ASTORIA,ASTORIA,30a4a660-2bac-48c1-868d-98d6599cf1b6,90,True,Astoria,True,False,OR,US,True,1,logo.jpg
65,b8006a43-0442-471b-abaa-06dab5b9a382,BAKER_CITY,BAKER_CITY,30a4a660-2bac-48c1-868d-98d6599cf1b6,90,True,Baker City,True,False,OR,US,True,1,logo.jpg
67,3d7ad5e3-3403-4514-98e7-06ef91dcf18a,LICENSE,BARRIE,947bd79f-f524-4fbe-8891-407ad9b54ebc,90,True,LICENSE,True,False,ON,US,True,2,
70,80e616dc-db12-4e20-87b2-0762ca859c0f,LAKE_CO,LAKE_CO,30a4a660-2bac-48c1-868d-98d6599cf1b6,90,True,Lake County,True,False,OR,US,True,1,logo.jpg
71,1f2225a6-29c8-4bc2-a688-0779c85c472d,STPETEBEACH,STPETEBEACH,e2cb7068-865f-4b0d-b774-4d1a63e66c61,90,True,STPETEBEACH,,False,FL,US,True,1,
72,d7460775-8243-49cb-b4b7-07952dcc665b,EASTPOINT,EASTPOINT,e2cb7068-865f-4b0d-b774-4d1a63e66c61,90,True,EASTPOINT,True,False,MO,US,True,1,logo.png
77,d24a9c13-eac9-49c9-a1d3-08021d8138f7,LINCOLN_CO,LINCOLN_CO,30a4a660-2bac-48c1-868d-98d6599cf1b6,90,True,Lincoln County,True,False,OR,US,True,1,logo.jpg
81,480a8370-cda3-42e6-95cd-08e740ebad37,RMOW,RMOW,b73e42b0-9585-46f9-9a4e-2191b6e31e08,90,True,RMOW,,False,BC,CA,True,2,logo.png
82,90062aa1-a7ec-4000-89e8-08ff81a2b771,RyanTest,CRC,d6e733d3-634c-4f75-8193-4b8b68c28292,90,True,"City of CRC, UT",,False,UT,US,True,2,
85,686c2800-42c9-4e11-becd-0961e04879aa,MONTEREY,MONTEREY,52f80df3-26db-462a-8c4c-125fdb29ce97,90,True,"County of Monterey, CA",True,False,CA,US,True,2,
86,bae6597d-e731-4815-b195-0977989f59e8,COS-ENF,COS,0d21961d-226c-4e48-989a-0257b2f93d05,90,True,COS Enforcement,,False,MA,US,True,2,
94,7c0c58d9-e16b-450f-8caf-0a6eeb146824,JCCAL-ESD,JCCAL,88189ee7-2bfa-4a96-b6ca-7ddb28db2fc7,90,True,"Jefferson County, AL",,False,AL,US,True,1,
97,82ac7c18-b61c-4796-9ba1-0adbb863e90e,PRESCOTTVLY,PRESCOTTVLY,c4948760-c836-4d6b-a8c6-9732a04e5d2a,90,True,Prescott Valley,True,False,AZ,US,True,1,
100,3b6d3c21-9ab4-4cb2-860a-0b2c14538751,NVGOV,NVGOV,52f80df3-26db-462a-8c4c-125fdb29ce97,90,True,,True,False,NV,US,True,2,
106,cf055b04-4a9e-4cfa-b57e-0bf8dbbc8133,petaluma-qa,PETALUMA,4001faae-857c-41f1-8045-e7658e669ab7,90,True,,True,False,CA,US,True,1,
112,acfdad7c-8c2e-4188-893e-0ca0b5fe6e99,OntarioLandscape,ONT,976296d5-a31f-443b-b76d-c1ee9953f9d7,90,True,Ontario Landscape Architecture and Planning,,False,CA,US,True,1,logo.jpg
120,ea7c3427-e44e-49c8-a1dc-0d3611a38249,PINEHURST,PINEHURST,52f80df3-26db-462a-8c4c-125fdb29ce97,90,True,Village of Pinehurst,True,False,NC,US,True,2,logo.png
124,cbcb8503-55da-4387-83b7-0d7c142bc5c3,SANTACLARA,SANTACLARA,52f80df3-26db-462a-8c4c-125fdb29ce97,90,True,City of Santa Clara,True,False,CA,US,True,2,logo.jpg
128,169c2e00-47e5-423c-b593-0def823e9ab8,DEVGATEWAY,DEVGATEWAY,947bd79f-f524-4fbe-8891-407ad9b54ebc,90,True,,True,False,ON,CA,True,2,
137,f1828d86-ae77-4942-9586-0f1ebd5b76f7,TOB,TOB,dade620e-1382-490a-80ed-9952902b094e,90,True,Town of Brookhaven,,False,NY,US,True,1,
145,a2ad798f-c44c-45e5-87f9-10292952b675,COS,COS,0d21961d-226c-4e48-989a-0257b2f93d05,90,True,"City of Springfield, MA",,False,MA,US,True,2,
147,788e6294-4b6b-414b-8497-1080cf4df36e,SWS,SWS,30a4a660-2bac-48c1-868d-98d6599cf1b6,90,True,Building Codes Division,,False,OR,US,True,1,logo.png
148,428ec60d-0774-4286-8ea1-1097c6c6010a,SPRINGFIELD,SPRINGFIELD,30a4a660-2bac-48c1-868d-98d6599cf1b6,90,True,Springfield,True,False,OR,US,True,1,logo.png
150,f65484e5-ef72-42a5-8ea4-10e1774cb120,UMATILLA_CO,UMATILLA_CO,30a4a660-2bac-48c1-868d-98d6599cf1b6,90,True,Umatilla County,True,False,OR,US,True,1,logo.png
157,1f868091-797f-466a-b1f6-118d98a5460d,DRAGON,GAM,0fca40f7-bef6-4c2b-abd4-95569fd5b69d,90,True,,,False,CA,US,True,2,
161,2c1d3193-7d43-411e-be5f-12368048836a,GILLIAM_CO,GILLIAM_CO,30a4a660-2bac-48c1-868d-98d6599cf1b6,90,True,Gilliam County,True,False,OR,US,True,1,logo.png
162,c10ce6f1-a996-4c7f-b46c-124475cb2fe0,DPR-STANDARDTEST,STANDARDTEST,43d55a68-e169-4a54-af3a-2ec21e9763a0,90,True,,,False,CA,US,True,1,
166,413073f8-1f57-4d0b-a85a-12e93189475c,CLOUD12,CLOUD12,c19b975c-f24f-4900-a809-4129e8a96d30,90,True,_Cloud12-DEMO,True,False,CA,US,True,1,logo.png
170,205e3664-f069-4fce-9217-136d4f1e5a58,FOREST_GROVE,FOREST_GROVE,30a4a660-2bac-48c1-868d-98d6599cf1b6,90,True,Forest Grove,True,False,OR,US,True,1,logo.jpg
174,b5e2492c-caf5-4648-b749-13f5b157a454,BROOKLINE,BROOKLINE,52f80df3-26db-462a-8c4c-125fdb29ce97,90,True,,True,False,MA,US,True,2,
176,171ae04c-1ba6-4f82-840c-1431acf49a7f,AZLJCMG_WO,LJCMG,52f80df3-26db-462a-8c4c-125fdb29ce97,90,True,LJCMG,,False,KY,US,True,2,
179,2165dc78-9e1b-45f8-91d0-14789ab67832,GRANDRAPIDS,GRANDRAPIDS,f2ec466b-4449-449c-9dac-1f4dedfcfe4b,90,True,"City of Grand Rapids, Michigan",True,False,MI,US,True,2,logo.png
180,e319f87c-0d28-4c0a-a048-1495471004cb,DSL,DSL,dae664fe-c79d-4803-88c8-275317c6ce1b,90,True,DSL,True,False,OR,US,True,2,
182,7b3e24ab-3c28-4de1-b94c-14ba9c9aba62,CHESTERFIELD,CHESTERFIELD,52f80df3-26db-462a-8c4c-125fdb29ce97,100,True,Chesterfield,True,False,VA,US,True,2,
187,1058cb36-c8db-4e19-9393-15358ce86a44,LEBANON,LEBANON,30a4a660-2bac-48c1-868d-98d6599cf1b6,90,True,Lebanon,True,False,OR,US,True,1,logo.png
190,d1123de2-7818-48ed-b987-1597dd4447cc,CLOUD03,CLOUD03,c19b975c-f24f-4900-a809-4129e8a96d30,90,True,_Cloud03-DEMO,True,False,CA,US,True,1,logo.png
191,55eaa1b4-ac2b-4fb1-a92a-15cfface10ad,EMCITY,EMCITY,52f80df3-26db-462a-8c4c-125fdb29ce97,90,True,EMCITY,True,False,UT,US,True,2,
195,733866eb-75fd-409c-8146-163bd1262723,WELDTEST,WELDTEST,93b8d71d-59b3-4d07-9fbf-2763ab611533,90,True,,,False,CO,US,True,2,
201,1c91f5d8-aefb-400f-91e8-1700ca4d8567,DENPrkDev,Denver,6255d00f-509c-4549-8064-34320f72c62e,90,True,DENPrkDev,True,False,CO,US,True,1,
202,5247dca5-7d4a-4c6e-a7b4-1708c45d5965,COS-BLD,COS,0d21961d-226c-4e48-989a-0257b2f93d05,90,True,COS Building Dept.,,False,MA,US,True,2,
205,bba21460-92e7-4fbd-8c50-174bcf728055,PITTSBURG,PITTSBURG,52f80df3-26db-462a-8c4c-125fdb29ce97,90,True,PITTSBURG,True,False,CA,US,True,2,logo.jpg
207,29646c94-b98b-477a-85dd-17774f662d36,POLKCO,POLKCO,52f80df3-26db-462a-8c4c-125fdb29ce97,90,True,POLKCO,True,False,FL,US,True,2,logo.jpg
215,ad3ce69e-a639-4ce9-b151-17d51a175206,COF,COF,52f80df3-26db-462a-8c4c-125fdb29ce97,90,True,City of Fremont,True,False,CA,US,True,2,logo.jpg
217,d7b76442-d445-4a03-b118-1803f234d787,CABARRUS,CABARRUS,d11302cd-07b3-459e-92de-ededdd8107d5,90,True,Cabarrus County Central Permitting,True,False,NC,US,True,2,logo.png
222,c3f24e36-0a73-47d6-8861-188d86ccfb51,MONTEREYEH,MONTEREYEH,52f80df3-26db-462a-8c4c-125fdb29ce97,90,True,Monterey County EnvHealth,True,False,CA,US,True,2,logo.jpg
223,3edbcf67-bd75-4a21-ab53-18cbc1e60952,DEQ_COOS,DEQ_COOS,30a4a660-2bac-48c1-868d-98d6599cf1b6,90,True,DEQ Coos,,False,OR,US,True,1,logo.jpg
226,a4841514-7417-43ce-8440-190ed6d3db0c,BERKELEY,BERKELEY,e0f19e6f-a690-41f0-a72b-e4665c69c958,90,True,"Berkeley,  CA",True,False,CA,US,True,2,logo.jpg
227,7f4254d2-db84-4e3a-863b-192e2c038102,BALTCO,BALTCO,6c79edb8-1ba2-44e9-9734-153217e1e717,90,True,Baltimore County Government,,False,MD,US,True,1,logo.jpg
232,9f4dbbbf-a87b-4f73-87b6-198abd2caceb,JCCAL,JCCAL,88189ee7-2bfa-4a96-b6ca-7ddb28db2fc7,100,True,"Jefferson County, AL",True,False,AL,US,True,2,
235,98b7a894-535f-4d8b-ad60-19ec9fe5ec01,MCESD,MCESD,22ddb0e5-ed18-4f15-9195-06ff081c4051,90,True,Environmental Services,True,False,AZ,US,True,2,logo.png
243,7d195af8-5e04-4f95-b68e-1a9eac62d7b9,MANATEE,MANATEE,52f80df3-26db-462a-8c4c-125fdb29ce97,90,True,MANATEE,True,False,FL,US,True,2,
250,77130dda-8fb0-44bc-8971-1b970bc5c838,DOUGLAS,DOUGLAS,52f80df3-26db-462a-8c4c-125fdb29ce97,90,True,DOUGLAS,True,False,NV,US,True,2,
252,7379034f-5d84-46e3-a4d8-1c0725981ecf,HOWARD,HOWARD,522005ce-74e3-4883-af59-b1b44ba47aca,90,True,,,False,MD,US,True,2,
253,5d8d655e-76d6-4fa2-a5c5-1c51a5b7c79f,ROCHESTER,ROCHESTER,b9cb560f-5ec5-4aff-9982-c05dce107bb3,90,True,City of Rochester,True,False,MN,US,True,2,
259,c90889fd-5b1b-461e-97dd-1cd87cad2b8b,CLOUD15,CLOUD15,c19b975c-f24f-4900-a809-4129e8a96d30,90,True,_Cloud15-DEMO,True,False,CA,US,True,1,logo.png
267,0cb90ca8-2ac7-4562-9212-1daf10d539ad,WASHCOMD,WASHCOMD,314ad9bc-8900-4409-8377-b02db10b10b6,90,True,Washington County,True,False,MD,US,True,2,logo.jpg
269,62f58bf2-e5e7-452e-b701-1dcf4d799e83,CFW,CFW,e2797143-9c5b-461d-9b91-a2e6efca5f8c,90,True,City of Fort Worth,True,False,TX,US,True,2,logo.jpg
271,7c45a87e-9b87-439c-8ee3-1e59474faf62,SLCREF-HAZE,SLCREF,0ca41fb9-60c3-42b5-ae75-081903022e09,90,True,SLC HAZE,True,False,UT,US,True,2,logo.png
284,e7424653-a30d-427c-b9dc-207b135ad495,SMS,SMS,eb6437fa-b3a4-4b1e-b2fe-0b15557e6755,90,True,Solution Management System (SMS),True,False,UT,US,True,2,
287,83e95242-cbe1-42c9-99ba-208a1ceaae6e,PHOENIX,PHOENIX,30a4a660-2bac-48c1-868d-98d6599cf1b6,90,True,Phoenix,True,False,OR,US,True,1,
289,64ad0887-84e1-4528-a4dc-211370f7a5ef,CLOUD01,CLOUD01,c19b975c-f24f-4900-a809-4129e8a96d30,90,True,_Cloud01-DEMO,True,False,CA,US,True,1,logo.png
305,49afe872-fa4a-4d44-b732-23552d137a01,CVB,CVB,52f80df3-26db-462a-8c4c-125fdb29ce97,90,True,City of Virginia Beach,True,False,VA,US,True,2,logo.png
312,423221fd-b0fe-4c29-89a6-23b56a31ca03,ROWA,BARRIE,947bd79f-f524-4fbe-8891-407ad9b54ebc,90,True,,True,False,ON,CA,True,2,
313,01fbfceb-22ac-4671-acfc-23e1051c9c39,LJCMG_WO,LJCMG,52f80df3-26db-462a-8c4c-125fdb29ce97,90,True,LJCMG,True,False,KY,US,True,2,
314,0807edd9-5ac7-4b53-804d-23e415232ba3,WESTSAC,WESTSAC,f5742f92-5842-440e-8974-5d9422815bd6,90,True,"City of West Sacramento, CA",True,False,CA,US,True,2,logo.jpg
316,335f2057-0ee1-4f29-b260-23f00671c1ed,DCRA,DCRA,34e05d0f-88de-4828-aaa6-99cfbf3f05e4,90,True,,True,False,DC,US,True,1,
317,eaa992ac-ff63-40d6-8f50-240987c8e10b,CHULAVISTA,CHULAVISTA,9ab97f41-26b2-4f77-bb92-5e7b28046dd4,90,True,City of Chula Vista,True,False,CA,US,True,2,logo.png
323,3376d939-d2b9-4f47-ae75-247dbd731f71,WINTER,WINTER,52f80df3-26db-462a-8c4c-125fdb29ce97,90,True,"Winter Park, CO",True,False,CO,US,True,2,
329,6a743ce7-4098-41eb-8bad-254fa5d0a1a4,StandardTest-SQL432-test,Standardtest,506cb79e-7ce9-4624-8d55-540e0c630f43,90,True,adn,,False,CA,US,True,2,logo.jpg
331,12ef0e6f-b43e-4ac1-b62b-25927ca4f01d,AZLJCMG,LJCMG,52f80df3-26db-462a-8c4c-125fdb29ce97,90,True,LJCMG,,False,KY,US,True,2,
336,bde4284b-af3c-46e6-95f0-25dc1a477705,CCC,CCC,b66229b0-a796-420c-930e-711c5e97f8dd,90,True,Contra Costa County,True,False,CA,US,True,2,
337,8a58c3dd-2ad7-4c3a-adde-261dbfe5d932,PEKIN,PEKIN,52f80df3-26db-462a-8c4c-125fdb29ce97,90,True,,True,False,IL,US,True,2,
342,a81abdaa-3202-4f12-bea2-26a30968e6d5,PUBSAFETY_DEV,PUBSAFETY_DEV,9151c5dc-34ef-4e1d-9ae7-f40fe38d544d,90,True,PUBLIC SAFETY,,False,CO,US,True,1,
344,25440c43-7266-4d39-9739-26b3f8cdba24,LASCRUCES,LASCRUCES,52f80df3-26db-462a-8c4c-125fdb29ce97,90,True,City of Las Cruces,True,False,NM,US,True,2,
345,ce9b198e-f66e-406c-97a1-26d811182514,ADDOH,ADDOH,3ec0b90e-8316-45cd-aff9-910ad93f80b0,90,True,Abu Dhabi Department of Health,True,False,Abu Dhabi,AE,True,2,
346,cc26e2c0-9744-4d9f-9615-2719c91009b9,HILLSBORO,HILLSBORO,52f80df3-26db-462a-8c4c-125fdb29ce97,90,True,HILLSBORO,True,False,OR,US,True,2,
357,a188a29a-fdf0-440c-aa2b-287b79a20bed,SACCO,SACCO,0050c2c5-0aee-4e7d-971a-58c8964bada9,90,True,,,False,CA,US,True,1,
361,e8261c3a-0cce-43df-b74f-2902f4d12f8d,CHATHAM,CHATHAM,52f80df3-26db-462a-8c4c-125fdb29ce97,90,True,"Town of Chatham, MA",True,False,MA,US,True,2,
364,8254e90a-734c-4fb3-8034-291642bcd441,ABC_DEV,ABC_DEV,9151c5dc-34ef-4e1d-9ae7-f40fe38d544d,90,True,ABC_DEV,True,False,CA,US,True,1,
366,f92fdb73-4110-41ef-ba3c-293f7307f71a,MBARD,MBARD,52f80df3-26db-462a-8c4c-125fdb29ce97,90,True,,True,False,CA,US,True,2,
368,1beeb5d0-e4d2-4bd6-a54e-299fa1c9cf70,FreddyDEV,fredericton,6d73a8a5-a419-4ecd-ba82-dfe58e821cf6,90,True,,,False,NB,CA,True,2,
370,e5a5ea7d-d630-4f5e-a570-29fd13f226de,RENONV,RENO,21c44f07-cba8-49d7-902d-b8b300a89fdc,90,True,"City of Reno, NV",True,False,NV,US,True,1,logo.png
375,74dd1da6-aa7c-4603-b85f-2a956b7afe3b,ST_HELENS,ST_HELENS,30a4a660-2bac-48c1-868d-98d6599cf1b6,90,True,,True,False,OR,US,True,1,
383,e7ccb636-0997-4c27-8b41-2b438264305f,CDD,CDD,dfb5a8a2-53f9-4c6d-b42d-8cb1d9267a5a,90,True,Jordan-CDD,,False,Amman,JO,True,2,
390,24e37d27-50fd-4c08-a573-2b80125f835e,EEA,EEA,60713347-dddf-4b40-8a29-eb47f74e8522,90,True,The Commonwealth of Massachusetts Office of Energy and Environmental Affairs,,False,MA,US,True,1,
393,bbd2a430-1471-497c-8d2f-2be24af6a83b,CHANDLER,CHANDLER,ccc97808-55aa-435a-9d1b-62a404d2b190,90,True,"TEST Chandler, AZ",True,False,AZ,US,True,1,logo.png
398,f0942579-c87d-4512-a5cf-2c5fd06507e5,CHINO,CHINO,cf17cf76-57ed-4dc4-8d38-d60a52e1e757,90,True,CHINO,True,False,CA,US,True,2,logo.jpg
399,e5074dec-70a9-488e-ad79-2c7390136371,HERMISTON,HERMISTON,30a4a660-2bac-48c1-868d-98d6599cf1b6,90,True,Hermiston,True,False,OR,US,True,1,logo.jpg
400,d5cc8721-aeb0-4c00-b1da-2c7e9ac3f503,COSA,COSA,51f907d5-5a12-456c-932b-48100e1940d4,90,True,City of San Antonio,True,False,TX,US,False,2,logo.png
402,676367e8-02ce-4f03-af16-2cc1aa943616,ARCHCO,ARCHCO,52f80df3-26db-462a-8c4c-125fdb29ce97,90,True,ARCHCO,True,False,CO,US,True,2,
410,20446996-1fe3-4acd-9cba-2e37d238e792,JACKSON_CO,JACKSON_CO,30a4a660-2bac-48c1-868d-98d6599cf1b6,90,True,Jackson County,True,False,OR,US,True,1,logo.jpg
428,6dbee292-1c24-4d40-aaa0-30ea640b9b08,LJCMG,LJCMG,52f80df3-26db-462a-8c4c-125fdb29ce97,90,True,LJCMG,True,False,KY,US,True,2,
435,0a379377-3e8f-4878-9cff-31905b2ae0ab,SANTACLARITA,SANTACLARITA,52f80df3-26db-462a-8c4c-125fdb29ce97,90,True,City of Santa Clarita,True,False,CA,US,True,2,logo.png
440,6a7b21f0-739e-481c-9076-31f3463f28b1,CANNON_BEACH,CANNON_BEACH,30a4a660-2bac-48c1-868d-98d6599cf1b6,90,True,Cannon Beach,True,False,OR,US,True,1,logo.jpg
441,ad449257-5ea4-4ab5-88ec-31f92ac84038,BREVARD,BREVARD,68b28661-7d97-4038-9323-c717e8474a58,90,True,,True,False,FL,US,True,1,logo.jpg
442,1336dd89-418f-4e34-9f26-3210ef1e1428,WESLACO,WESLACO,e2cb7068-865f-4b0d-b774-4d1a63e66c61,90,True,City of Weslaco,True,False,TX,US,True,1,logo.png
445,feace12c-430c-4be9-9ade-3268960cf790,TALENT,TALENT,30a4a660-2bac-48c1-868d-98d6599cf1b6,90,True,Talent,True,False,OR,US,True,1,logo.jpg
446,8b7606f1-6d51-4d2c-92f4-328103bf4a7e,KINGSTON,KINGSTON,18c32bcc-c4f0-4084-8ce7-74c28426e383,90,True,"Kingston, ON",True,False,ON,CA,True,2,logo.jpg
451,a295db30-b0f5-4caa-b084-33715b33c24c,PIMA,PIMA,52f80df3-26db-462a-8c4c-125fdb29ce97,100,True,"Pima, AZ",True,False,AZ,US,True,2,
454,d19a357b-6c73-4512-bf27-338a2cf24857,MIMM,MIMM,52f80df3-26db-462a-8c4c-125fdb29ce97,90,True,,True,False,MI,US,True,2,
457,95ec0b95-d649-4302-989b-33f1bf6d3fe0,LINCOLNCA,LINCOLNCA,52f80df3-26db-462a-8c4c-125fdb29ce97,90,True,,,False,CA,US,True,2,
466,7bdf5712-7162-4567-85e4-34c860a05e55,SCAPPOOSE,SCAPPOOSE,30a4a660-2bac-48c1-868d-98d6599cf1b6,90,True,Scappoose,True,False,OR,US,True,1,logo.jpg
468,d3b816c1-8801-4b53-b0e5-34f1d1ff216d,POLK_CO,POLK_CO,30a4a660-2bac-48c1-868d-98d6599cf1b6,90,True,Polk County,True,False,OR,US,True,1,logo.jpg
469,19297946-f9be-4cc2-a644-356ef89a057d,LWDD,LWDD,52f80df3-26db-462a-8c4c-125fdb29ce97,90,True,LWDD,True,False,FL,US,True,2,logo.jpg
470,a0abcf45-9b4d-4622-9b59-357cd111c5d1,HAMILTONCOUNTY,HAMILTONCOUNTY,7d2cd364-d72c-4f91-8a83-c47405169ad3,90,True,HAMILTONCOUNTY,,False,OH,US,True,1,
472,7b3c479c-d9f9-4f92-92b5-35a11bf5b73b,knoxville,knoxville,ec63d43e-a60f-4968-89a1-2b78ce06298d,90,True,"City of Knoxville, TN",True,False,TN,US,True,1,logo.png
473,f3fb85fc-8c93-4d42-9f7c-35c174f75c6a,BPTDEV-CANADA,BPTDEV,bb203581-b63e-4ad5-9569-ec5f02425477,90,True,,,False,ON,CA,True,1,
475,cf435e56-7749-451d-850f-35cbfe1f58b6,SPSA,SPSA,938c393b-b17e-44ff-8cd4-424580c3dd22,90,True,Sharjah Prevention and Safety Authority,,False,SHARJAH,AE,True,2,logo.png
477,4d5dda1d-c177-442b-bc0d-36056ce50f8b,GRANDCO,GRANDCO,21c44f07-cba8-49d7-902d-b8b300a89fdc,90,True,Grand County,True,False,CO,US,True,1,
479,8ebba70e-4203-4668-a1a4-361357ba8cbf,CRC-MTOM,CRC,0fca40f7-bef6-4c2b-abd4-95569fd5b69d,90,True,,,False,CA,US,True,1,
480,64b745a8-175d-48f7-a194-3615f42bcf0e,WATERTOWNNY,WATERTOWNNY,52f80df3-26db-462a-8c4c-125fdb29ce97,90,True,"Watertown, NY",True,False,NY,US,True,2,
490,c0f9076a-1cc5-4d6f-8de5-36d0fa169118,WHEELER_CO,WHEELER_CO,30a4a660-2bac-48c1-868d-98d6599cf1b6,90,True,Wheeler County,True,False,OR,US,True,1,logo.png
501,026077d0-12ec-47dd-8184-382a3a0f1c14,RENO,RENO,52f80df3-26db-462a-8c4c-125fdb29ce97,90,True,City of Reno,True,False,NV,US,True,2,
502,68964072-13b5-4ff7-9127-382abc7cd6f5,boco,boco,5ed6b934-ab88-4791-af0f-f72f53c0c85f,90,True,Boulder County,,False,CO,US,True,1,logo.png
513,9b218730-b55b-401d-bb41-3a11150269e4,RCID,RCID,f106fc89-3d36-45dd-b15c-2ee288aa54a7,90,True,Reedy Creek Improvement District,True,False,FL,US,True,1,logo.jpg
517,0d150b63-a249-4146-8507-3a76945c882b,BRAMPTON,BRAMPTON,98ec6cb5-bcc0-4d28-b3e6-654eee74b97a,90,True,BRAMPTON,,False,BC,CA,True,1,
526,0ad8aa80-e1cb-4e92-a82c-3b330a8abef0,ALAMEDA,ALAMEDA,52f80df3-26db-462a-8c4c-125fdb29ce97,90,True,,True,False,CA,US,True,2,logo.jpg
531,4ef7355d-ad09-4fef-80f7-3bacf1f0e8fc,AMERICUSGA,AMERICUSGA,52f80df3-26db-462a-8c4c-125fdb29ce97,90,True,"Americus, GA",True,False,GA,US,True,2,
535,e9ce2fde-66cc-4551-82a1-3bfeca428196,SLCREF-Fire,SLCREF,0ca41fb9-60c3-42b5-ae75-081903022e09,90,True,Salt Lake City Fire Department,True,False,UT,US,True,2,logo.png
536,02ef4027-47af-44ea-8bde-3c03ad5383a4,SONOMACO,SONOMACO,02d930c8-5431-461c-be2a-9096f22db7b0,90,True,"Sonoma County, CA",True,False,CA,US,True,1,logo.png
537,10093208-2cb0-45e6-97a2-3c086912f89d,LINN,LINN,52f80df3-26db-462a-8c4c-125fdb29ce97,90,True,Linn County,True,False,OR,US,True,2,
538,ebc302ff-0f87-4f26-af73-3c0ba3f81ade,LIVERMORE,LIVERMORE,52f80df3-26db-462a-8c4c-125fdb29ce97,90,True,LIVERMORE,True,False,CA,US,True,2,
548,ab4ab007-fe45-4b1e-8327-3cb05a6839b0,STDTEST2019-SAML,STDTEST2019,bce33295-76fd-40a1-a07c-ec5cce744c61,90,True,,,False,CA,US,True,2,
549,2c6e79f6-923e-4bd4-81fa-3cf48f62fa44,SHELBYCO,SHELBYCO,52f80df3-26db-462a-8c4c-125fdb29ce97,90,True,Shelby County,True,False,TN,US,True,2,
559,8a11ceab-8de2-4d8a-a385-3e5d4ad7755a,LAKE_OSWEGO,LAKE_OSWEGO,30a4a660-2bac-48c1-868d-98d6599cf1b6,90,True,Lake Oswego,True,False,OR,US,True,1,logo.png
561,686d5dcb-8474-431c-aea4-3e93e29559a4,MSP,MSP,52f80df3-26db-462a-8c4c-125fdb29ce97,90,True,Michigan State Police,,False,MI,US,True,2,
569,ae871cec-129a-4a2f-aec9-3f7f43a085d2,COHP,COHP,52f80df3-26db-462a-8c4c-125fdb29ce97,90,True,City of High Point,True,False,NC,US,True,2,logo.png
572,842e3760-01c7-4c79-9e1d-3fc1b0060c2a,MONTGOMERY,MONTGOMERY,7d2cd364-d72c-4f91-8a83-c47405169ad3,90,True,MONTGOMERY,,False,OH,US,True,1,
576,c3e42408-a54d-4819-907f-40236435d6f6,Polkco_CE,POLKCO,bb7cdc1c-d7cf-4600-9ff8-5653cecb2e6e,90,True,Code Enforcement,True,False,FL,US,True,2,
587,f30f834b-fd8d-400c-ba2b-4159b35e4ecc,MOENV,MOENV ,a582b6a5-eafc-4f44-bb8d-ef3cc37b28f5,90,True,Jordan-MOENV,,False,Amman,JO,True,2,
592,d4bcd297-a1a9-4a2f-8528-4290fee52bd2,MACOMB,MACOMB,52f80df3-26db-462a-8c4c-125fdb29ce97,90,True,Office of Public Works,True,False,MI,US,True,2,logo.png
594,a0a66df2-e0f7-41ed-9df8-42c745892887,ALABAMA,ALABAMA,e2cb7068-865f-4b0d-b774-4d1a63e66c61,90,True,ALABAMA,True,False,AL,US,True,1,
598,7cb835f1-9c69-4e84-ae2b-432db15814b7,SANTAROSA,SANTAROSA,26e77017-171f-43bb-aed8-e7c5bed6f454,90,True,City of Santa Rosa,True,False,CA,US,True,2,logo.jpg
602,4e93dc82-8dbc-49fb-bf61-4362b246aa51,ACUD,ACUD,ecd0fd8a-868f-4f4c-a571-63e88c81eaba,90,True,ACUD,,False,cairo,EG,True,2,
606,aad60a8e-c317-4eba-a738-43ab7a0a3bbd,TRUEPOINT,TRUEPOINT,52f80df3-26db-462a-8c4c-125fdb29ce97,90,True,,,False,CA,US,True,2,
607,388ba692-d44d-4cac-bedf-43c42ba4494c,COLUMBIA_CO,COLUMBIA_CO,30a4a660-2bac-48c1-868d-98d6599cf1b6,90,True,Columbia County,True,False,OR,US,True,1,logo.jpg
612,5a853455-8e05-4dc5-9352-44755a44c779,PLANNING,BARRIE,947bd79f-f524-4fbe-8891-407ad9b54ebc,90,True,,True,False,ON,CA,True,2,
617,aa51f1e6-ac99-4bfe-b651-45430b97c959,SACCO-ENF,SACCO,0050c2c5-0aee-4e7d-971a-58c8964bada9,90,True,Sacramento County,,False,CA,US,True,1,
626,a6f91e50-aaf3-4cfb-808e-460a0b239155,Escambia,Escambia,e2cb7068-865f-4b0d-b774-4d1a63e66c61,90,True,"Escambia County, Florida",True,False,FL,US,True,1,logo.png
627,2dd3a722-ec25-483e-9f32-462acf1a3283,OLMSTED,OLMSTED,52f80df3-26db-462a-8c4c-125fdb29ce97,100,True,Olmsted County,,False,MN,US,True,2,
629,0e9a6648-23b4-4fac-8100-466fe1359a0d,JURUPA,JURUPA,52f80df3-26db-462a-8c4c-125fdb29ce97,90,True,,True,False,CA,US,True,2,
633,fc709ec5-09db-4361-8bce-471480a6aedc,solano,solano,9673d638-b7e0-41ff-bf74-d479e20784af,90,True,Solano County,True,False,CA,US,True,2,logo.jpg
641,a8aaedbe-9912-48b0-9116-47ef940a0d77,WINSALEM,WINSALEM,52f80df3-26db-462a-8c4c-125fdb29ce97,90,True,WINSALEM,True,False,NC,US,True,2,
648,6348e181-47c8-4c92-be91-48e01b4018ea,CCPS,CCPS,b6c22d5f-25b1-42b6-a1e2-e01786477024,90,True,CCPS,True,False,FL,US,True,2,
649,2c36378a-825c-4c3f-a161-48f5c913b8cc,DenverTEST,Denver,6255d00f-509c-4549-8064-34320f72c62e,90,True,DenverTEST,True,False,CO,US,True,1,
659,6459cb82-4f26-4c18-9ba0-4a71068159d3,FTCOLLINS,FTCOLLINS,cfc9ee79-e8e6-4d1f-85d4-35c8973e97a7,90,True,City of Fort Collins,True,False,CO,US,True,1,logo.png
660,f457b60c-d1c1-49ec-815f-4a7bd5ee5f72,PRCITY,PRCITY,52f80df3-26db-462a-8c4c-125fdb29ce97,90,True,PRCITY,True,False,CA,US,True,2,logo.jpg
661,ca5d140b-6e66-47a7-ad9d-4adcc70a9c74,FTL,FTL,52f80df3-26db-462a-8c4c-125fdb29ce97,100,True,FTL,True,False,FL,US,True,2,
663,c06b2e0f-6ef6-480c-9bce-4b0735c10d9d,KERNCO,KERNCO,b39bd38a-ac22-4b08-8e1e-40bea05473d3,90,True,KERNCO,True,False,CA,US,True,2,logo.png
667,656450ff-b20d-4cc3-8ff3-4b71e294c7e6,SPOKANE,SPOKANE,0b3671e6-b064-4937-a967-961dd7b22b68,90,True,"City of Spokane, WA",True,False,WA,US,False,2,logo.jpg
677,fb265bd6-a99c-4ddc-9983-4c6ec20b4a42,GALVESTON,GALVESTON,289dbe35-8b45-4cd3-898c-0322d10463b7,90,True,,True,False,TX,US,True,1,
679,594f8a23-ee4d-4dcd-9e8b-4c8c0952c50c,AZMIHS,MIHS,52f80df3-26db-462a-8c4c-125fdb29ce97,90,True,MIHS,True,False,MI,US,True,2,
682,7b35d5fb-cab4-488d-95dc-4cb53f133b9a,WENHAM,WENHAM,52f80df3-26db-462a-8c4c-125fdb29ce97,90,True,"Wenham, MA",True,False,MA,US,True,2,
683,3d87a963-bae1-488a-a4e1-4cc4e922f1cf,BARRIE2,BARRIE,947bd79f-f524-4fbe-8891-407ad9b54ebc,90,True,BARRIE2,,False,ON,CA,True,2,
691,8dc43e99-a4ff-4bbc-a2fa-4e2327d250bc,SACCO-WR,SACCO,0050c2c5-0aee-4e7d-971a-58c8964bada9,90,True,Sacramento County Water Resources,,False,CA,US,False,2,logo.jpg
694,6db2ef73-863a-4e54-9867-4e889a5bd68e,AZAACO,AACO,52f80df3-26db-462a-8c4c-125fdb29ce97,90,True,,True,False,MD,US,True,2,
696,5b50ba6d-e158-4206-ab2b-4ed117ac2bb2,FAIRTRADING,FAIRTRADING,b8e98378-a6d5-40c1-81a5-1de15bedbfc3,90,True,,True,False,VIC,AU,True,2,
697,130dcce9-1244-4147-96e8-4ee1f6587aa1,DENPrk,DENVER,6255d00f-509c-4549-8064-34320f72c62e,90,True,DENPrk,True,False,CO,US,True,1,
698,b73fd2dc-0ab2-4955-ad79-4f2e39197d24,VAABC,VAABC,c4047e45-d4e8-431b-a5a6-6fe618b37f8e,90,True,Virginia Alcoholic Beverage Control Authority,True,False,VA,US,True,1,
701,af00fcd8-117c-48db-b0f0-4f3a35eaa190,BUTTESBCC,BUTTESBCC,52f80df3-26db-462a-8c4c-125fdb29ce97,90,True,BUTTESBCC,True,False,MT,US,True,2,
704,6c192b74-e57c-4cb6-95e1-5031ac76c853,WOODINVILLE,WOODINVILLE,52f80df3-26db-462a-8c4c-125fdb29ce97,90,True,,True,False,WA,US,True,2,logo.png
705,3a477fc6-c917-40e3-8348-504463fbe330,DOWNEY,DOWNEY,d46725c0-0755-46d8-83ab-a00c82086587,90,True,City of Downey,,False,CA,US,True,2,logo.jpg
715,604a95c0-e687-4f35-b465-5168a853556c,VIPDEMO,VIPDEMO,f9b25f41-8ba2-4d19-8a47-6ed80527e4e8,90,True,VIPDEMO,True,False,FL,US,True,2,logo.jpg
719,2614fec2-19f8-43cd-b30e-51f6a64d4344,QATEST,QA,858a94ad-a5e9-40e1-a9c4-a4d31fc19730,90,True,,True,False,CA,US,True,1,
720,1c389380-4f80-43f5-8bbe-51f9f5b52740,BOISE,BOISE,2c0a6ea5-c7ec-4de3-bb4b-2896cc44a9c0,90,True,City of Boise,True,False,ID,US,True,2,logo.jpg
722,6b9ae2ea-e9ba-452f-9e4d-520a61113e93,lexky-qa,LEXKY,4001faae-857c-41f1-8045-e7658e669ab7,90,True,Lexky-qa,True,False,AL,US,True,1,
724,8cb03e37-da8a-4054-af11-525fb4f7361b,PARTNER06,PARTNER06,52f80df3-26db-462a-8c4c-125fdb29ce97,90,True,,,False,AZ,US,True,2,
730,85c04da7-a64f-443e-b762-52d7cb785af2,HOOD_RIVER_CO,HOOD_RIVER_CO,30a4a660-2bac-48c1-868d-98d6599cf1b6,90,True,Hood River County,True,False,OR,US,True,1,logo.png
731,dc023685-23a4-4b73-b527-52f0d69f7830,LLU,LLU,52f80df3-26db-462a-8c4c-125fdb29ce97,90,True,,True,False,CA,US,True,2,
733,4f880faf-2ebd-4822-be6b-531c2116d8ff,PRESCOTT,PRESCOTT,21c44f07-cba8-49d7-902d-b8b300a89fdc,90,True,PRESCOTT,True,False,AZ,US,True,1,
738,9bc93986-d58c-40de-84cb-53b44f30587a,LADCR,LADCR,52f80df3-26db-462a-8c4c-125fdb29ce97,90,True,,True,False,CA,US,True,2,
748,f9de8559-ed50-431e-9062-54bc26589254,MUNI1,MUNI1,6dfb9320-8369-44ae-a188-e8ed877059d2,90,True,City of Metropolis,True,False,NY,US,True,1,logo.jpg
764,410ecfe2-73e7-48d7-8b39-565ce46db934,AACO,AACO,52f80df3-26db-462a-8c4c-125fdb29ce97,90,True,Anne Arundel County,True,False,MD,US,False,2,
765,d2320def-2e6f-4292-b545-566f9b324f25,STANDARDTEST-pmenv1497,STANDARDTEST,91beb942-01b9-4195-b29d-770d9f39a9e4,90,True,,,False,CA,US,True,1,
766,bfcf0326-8b56-4edb-89c5-567089f2c991,CUPERTINO,CUPERTINO,52f80df3-26db-462a-8c4c-125fdb29ce97,90,True,"Cupertino, CA",True,False,CA,US,True,2,
768,4589e047-a87f-4e42-b5b4-56a8ac7d93c8,PHARR,PHARR,52f80df3-26db-462a-8c4c-125fdb29ce97,90,True,"Pharr, TX",True,False,TX,US,True,1,
770,94c576a8-05c2-4c76-b177-56b5e0f9866d,FRANKLIN,FRANKLIN,52f80df3-26db-462a-8c4c-125fdb29ce97,90,True,FRANKLIN,True,False,IL,US,True,2,logo.png
771,0faa3a91-199d-4edd-9ef1-56d8294bdc41,OJAI,OJAI,52f80df3-26db-462a-8c4c-125fdb29ce97,90,True,,,False,CA,US,True,2,
776,be6c87da-bf25-40b8-a8e0-585919c389b2,COR_TEST,COR,84bd69c4-1f09-44ba-8ba7-0d3a2d4c9e1d,90,True,Roseville,,False,CA,US,True,2,
785,fe852580-2b73-40dd-90d3-58e0a32cf2f6,OREGON-qa,OREGON,4001faae-857c-41f1-8045-e7658e669ab7,90,True,OREGON-qa,True,False,AL,US,True,1,
792,4216ebe7-7f9c-4d2d-b082-59715eed3c21,GRASSVALLEY,GRASSVALLEY,52f80df3-26db-462a-8c4c-125fdb29ce97,90,True,City of Grass Valley,True,False,CA,US,True,2,
793,59bdea25-07fd-4f5c-9af8-597e300eebf3,HARVEY,HARVEY,e2cb7068-865f-4b0d-b774-4d1a63e66c61,90,True,,,False,TX,US,True,1,
796,8048211f-d025-4578-8870-5a260895cac9,DOUGLASCO,DOUGLASCO,52f80df3-26db-462a-8c4c-125fdb29ce97,90,True,,True,False,OR,US,True,2,
797,3b7d13d1-6a67-4773-9516-5a2c16378cf3,BENTON_CO,BENTON_CO,30a4a660-2bac-48c1-868d-98d6599cf1b6,90,True,Benton County,True,False,OR,US,True,1,logo.jpg
800,928b1cc9-e625-4dc7-a09e-5a3d3d5d95de,BREA,BREA,52f80df3-26db-462a-8c4c-125fdb29ce97,90,True,"City of Brea, CA",True,False,CA,US,True,2,
803,9276b61b-01bb-43a6-8b75-5a7fcbf50a7b,PASCO,PASCO,ee8f9007-8faf-4cc4-8a48-775a61b69bf8,90,True,Pasco County,True,False,FL,US,True,2,logo.png
809,e0730c6e-daaf-4f25-966d-5b206864f48b,GWINNETT-PROD,GWINNETT,334dab6e-5e34-47da-ab6a-555fd84eb280,90,True,GWINNETT COUNTY PLANNING AND DEVELOPMENT,True,False,GA,US,False,2,logo.jpg
812,9b2438e1-d7d6-45fb-b567-5b4cbcc234b4,QC,QC,52f80df3-26db-462a-8c4c-125fdb29ce97,100,True,QC,True,False,AZ,US,True,2,
817,a835c676-6353-4490-b8e1-5bea095b8bf2,Polkco_LD,POLKCO,bb7cdc1c-d7cf-4600-9ff8-5653cecb2e6e,90,True,Land Dev,True,False,FL,US,True,2,
818,7a0f7815-bb33-4fcf-b60e-5bea27fb3ac2,AccelaSouthPacific,DEMO,f8249e40-153b-4f47-84e3-cb9f56b2d1c9,90,True,Accela South Pacific,,False,Queensland,AU,True,2,logo.jpg
819,c64a1a0b-8a9d-46bb-b7e4-5bfb7ad608ab,SLCREF-Building,SLCREF,0ca41fb9-60c3-42b5-ae75-081903022e09,90,True,SLC Building,True,False,UT,US,True,2,logo.png
820,67591dd1-e9b0-44f2-8d86-5c09b24d1887,DENROW,Denver,6255d00f-509c-4549-8064-34320f72c62e,90,True,DENROW,True,False,CO,US,True,1,
830,0017da5b-292e-4509-b39d-5d004a4983d3,WASHCOOR,WASHCOOR,0bd5820a-36bb-4d58-8ccb-b8d4ca96c2e4,90,True,"Washington County, OR",True,False,OR,US,True,2,logo.jpg
839,6e0ddab6-efe4-4622-adba-5e695f7dbc94,PLUM,PLUM,52f80df3-26db-462a-8c4c-125fdb29ce97,90,True,,True,False,PA,US,True,2,
846,015b74e0-21f9-4b9b-bf25-5f0932ef1256,CLOUD05,CLOUD05,c19b975c-f24f-4900-a809-4129e8a96d30,90,True,_Cloud05-DEMO,True,False,CA,US,True,1,logo.jpg
852,26ffaef5-bb16-464b-8d19-60285a84c410,OKC,OKC,c6c1b7b9-4733-4c67-aee9-c17fe4a6c488,90,True,City of Oklahoma City,True,False,OK,US,False,2,logo.jpg
855,492a72d1-c0e2-410d-9c02-607c090e58ce,JUNCTION_CITY,JUNCTION_CITY,30a4a660-2bac-48c1-868d-98d6599cf1b6,90,True,Junction City,True,False,OR,US,True,1,logo.jpg
870,b2406b6d-2a3f-4a01-8f19-6238b308fc19,Sturbridge,Sturbridge,52f80df3-26db-462a-8c4c-125fdb29ce97,90,True,Sturbridge,True,False,MA,US,True,2,
879,d96758a0-b548-4dea-a909-632f6caad9e3,STDSOL,STDSOL,c19b975c-f24f-4900-a809-4129e8a96d30,90,True,Demo Sandbox,True,False,CA,US,True,1,
880,f9c11f27-1acf-4dc3-900b-636dac1f0095,SPARKS,SPARKS,52f80df3-26db-462a-8c4c-125fdb29ce97,90,True,SPARKS,True,False,NV,US,True,2,logo.jpg
889,0425e4b7-eaa0-48d9-b908-64948363350c,DANVILLEIL,DANVILLEIL,52f80df3-26db-462a-8c4c-125fdb29ce97,90,True,DANVILLEIL,True,False,IL,US,True,2,logo.jpg
901,d142486d-ba67-427a-a6fa-65d82e3ea149,DOUGLAS_CO,DOUGLAS_CO,30a4a660-2bac-48c1-868d-98d6599cf1b6,90,True,Douglas County,True,False,OR,US,True,1,
902,87d4cdd4-8387-4854-be44-65f085e7a748,CalCannabis,CalCannabis,d54c398c-a29f-4746-92bb-8241384bd945,90,True, Department of Food and Agriculture,True,False,CA,US,True,1,
904,af43cd6a-d8cc-461a-b7c8-663c99430edb,AZCACC,CACC,52f80df3-26db-462a-8c4c-125fdb29ce97,90,True,,,False,CA,US,True,2,logo.png
905,2f2a8f6b-d207-4a65-b697-666591613ec3,PARK,PARK,52f80df3-26db-462a-8c4c-125fdb29ce97,90,True,,True,False,CO,US,True,2,
908,2fd0fb47-06b1-487b-ac99-66b9a5645329,SCCGOV,SCCGOV,52f80df3-26db-462a-8c4c-125fdb29ce97,90,True,,True,False,CA,US,True,2,
911,ce34a2d8-fbc8-46c1-bb31-670075cb956e,WESTPORT,WESTPORT,52f80df3-26db-462a-8c4c-125fdb29ce97,90,True,Town of Westport,True,False,CT,US,True,2,logo.jpg
913,01a1d72a-d34d-4d00-a6e4-67222634725f,CLOUD14,CLOUD14,c19b975c-f24f-4900-a809-4129e8a96d30,90,True,_Cloud14-DEMO,True,False,TN,US,True,1,logo.png
916,b182ee46-af29-47a3-8e11-675304ee7c0d,SACCO-EMS,SACCO,0050c2c5-0aee-4e7d-971a-58c8964bada9,90,True,Sacramento County EMS,,False,CA,US,True,1,
919,62fd5126-1831-41c5-b294-67ce6f1d6580,CACC,CACC,52f80df3-26db-462a-8c4c-125fdb29ce97,90,True, California Coastal Commission,True,False,CA,US,True,2,logo.png
923,c14ce8e1-09cb-43b6-8dc5-68830150018e,Denver,Denver,6255d00f-509c-4549-8064-34320f72c62e,90,True,"Denver, CO",True,False,CO,US,True,1,
925,2f3728df-d6cd-446b-9bcc-68f34fc4fe18,FDNY,FDNY,384bc541-9678-41d0-91e2-643f5457d6bb,100,True,Fire Department Of New York City,True,False,NY,US,True,1,logo.png
927,acd39861-ef49-4c57-8014-693f967e03e3,BCB,BCB,b8919fd9-14fc-4427-a5ad-1c79fe44766e,90,True,Building Codes Bureau,True,False,MT,US,True,2,
930,6656e799-cb0a-4c39-8c1a-69d451344520,DATACONV-DEV,SOL-INT,7526cac6-a32f-4a33-9203-046449ddd739,90,True,Data Conversion Development Machine,True,False,UT,US,True,2,
932,b5dfbc83-f8e0-4da5-85f4-6a0c7f5c72b5,BCD_SALEM,BCD_SALEM,30a4a660-2bac-48c1-868d-98d6599cf1b6,90,True,BCD Salem,,False,MA,US,True,1,
940,a2f0d87a-5cb3-4bed-8f07-6b0805996ab8,LINCOLN-HEALTH,LINCOLN,57a1b9d1-ea24-4c6f-80b5-e6048949aca8,90,True,Lincoln-Lancaster County Health Department,,False,NE,US,True,2,logo.jpg
948,50486095-5102-4a79-9fd3-6c0025a7da49,EDMS-DEV,SOL_INT,b736232a-fdf7-4023-bde8-ad7f3f6c367b,90,True,EDMS Development Machine,True,False,UT,US,True,2,
949,9a64bc7f-9933-4fd6-aeda-6c2475eaada6,ASHEVILLE,ASHEVILLE,4a9c8309-33cc-481c-b394-3056f9b3bd2b,90,True,"City of Asheville, NC",True,False,NC,US,True,2,logo.png
950,4724be98-387a-4335-b1ef-6c415fb86725,AZCIVCONCCSF,CCSF,677d80bb-b226-40db-8b07-281aaeb3941d,90,True,"City and County of San Francisco, CA",,False,CA,US,True,2,
953,82af07d6-423c-4c2d-ab27-6c999f5f6ca7,SOCORRO,SOCORRO,52f80df3-26db-462a-8c4c-125fdb29ce97,90,True,"Socorro, TX",True,False,TX,US,True,2,
961,1fcc8abd-c65a-409c-8772-6d91fbe1f3fd,FLORENCE,FLORENCE,30a4a660-2bac-48c1-868d-98d6599cf1b6,90,True,Florence,True,False,OR,US,True,1,logo.jpg
963,48011e82-70e8-43ea-b893-6dbeead1d4ac,WESTON,WESTON,52f80df3-26db-462a-8c4c-125fdb29ce97,90,True,The City of Weston,True,False,FL,US,True,2,logo.jpg
972,e30cbeaa-ed10-41bf-a477-6e1e5236e5e4,LASAN,LASAN,7b1dd715-56cd-47ae-a6dc-1eea73023f25,90,True,LA Sanitation,True,False,CA,US,True,1,logo.png
979,f1e94c8c-982a-4d70-bd83-6efe0e86d09e,YUBA,YUBA,52f80df3-26db-462a-8c4c-125fdb29ce97,90,True,City of Yuba City,True,False,CA,US,True,2,logo.jpg
980,03b0ce5b-818d-4389-9459-6eff2520bf09,INGLEWOOD,INGLEWOOD,52f80df3-26db-462a-8c4c-125fdb29ce97,90,True,,True,False,CA,US,True,2,
981,2e5858b3-a0c0-4315-9b08-6f67cdab8e29,PROVINCETOWN,PROVINCETOWN,52f80df3-26db-462a-8c4c-125fdb29ce97,90,True,PROVINCETOWN,True,False,MA,US,True,2,logo.jpg
985,00ae3eb9-9a79-4ebd-a137-6f92a239050c,EASTVALE,EASTVALE,52f80df3-26db-462a-8c4c-125fdb29ce97,90,True,,True,False,CA,US,True,2,
997,2345bf00-7b37-410b-9387-70c1d05b7ec8,SANTAMONICA,SANTAMONICA,fbfd7e2f-c1bc-4d55-93b1-3d6aa966e052,90,True,SANTAMONICA,,False,CA,US,True,2,logo.jpg
1002,ec1b3907-617b-4094-ae90-712d74b9b970,QA-STANDARDTEST-SSO,STANDARDTEST,850f4f8d-19a1-4188-944a-ef4963deca3f,90,True,adn,,False,CA,US,True,2,logo.jpg
1003,c71f00a9-db39-455a-85e7-71428957bcea,LEECO,LEECO,0b2fa1f2-0a9d-49c0-b8d4-2acf27fded9e,90,True,"Lee County, FL",True,False,FL,US,True,2,logo.png
1004,d037d72d-4c2d-4152-9bf3-71628281a525,COSPRINGS,COSPRINGS,52f80df3-26db-462a-8c4c-125fdb29ce97,90,True,City of Colorado Springs,True,False,CO,US,True,2,logo.png
1005,cefe89d1-6ea8-493b-b321-7172b69b3b3a,SANTABARBARA,SANTABARBARA,5fa88fb2-6536-4ae3-b6b1-4eafa5320a36,90,True,City of Santa Barbara,,False,CA,US,True,2,logo.png
1013,c8e9cdb5-ccd5-4dc8-8f78-72c89dfdb1f2,HCFL,HCFL,52f80df3-26db-462a-8c4c-125fdb29ce97,90,True,"Hillsborough County, FL",True,False,FL,US,True,2,logo.jpg
1015,912829ec-80c8-4c64-8e3e-7310fd02f0da,PLANTATION,PLANTATION,7d85eabf-9064-4b16-84d8-d6b25b85dfc2,90,True,,,False,FL,US,True,2,
1016,f7b72814-fcd1-42f1-96b4-731936b1931e,STANDARDDEV,STANDARDDEV,9151c5dc-34ef-4e1d-9ae7-f40fe38d544d,90,True,Standard Solution Dev,True,False,UT,US,True,1,
1018,5a3c31e2-e5d3-4210-9f9a-73a3886a5b7b,ALBANY,ALBANY,1c4329e8-48ef-4b18-b719-c9bbad418258,90,True,"City of Albany, OR",True,False,OR,US,True,2,logo.jpg
1022,0c2295e9-8735-4f1e-a4b2-743d54009bcc,DUBUQUE,DUBUQUE,52f80df3-26db-462a-8c4c-125fdb29ce97,90,True,,True,False,IA,US,True,2,logo.jpg
1027,cd460302-e25a-43c3-a22d-747a4afb6bb8,CONCORD,CONCORD,52f80df3-26db-462a-8c4c-125fdb29ce97,90,True,"City of Concord, CA",True,False,CA,US,True,2,
1028,f219621a-d4fd-41ab-9fc4-7488449c6662,GWINNETT,GWINNETT,52f80df3-26db-462a-8c4c-125fdb29ce97,90,True,Gwinnett County,True,False,GA,US,True,2,
1032,3c691ef4-8a31-413d-9b27-74a1b6e9662d,DenverDEV,Denver,6255d00f-509c-4549-8064-34320f72c62e,90,True,DenverDEV,True,False,CO,US,True,1,logo.png
1035,a87dd9f8-f814-4118-8854-752c56d905c8,ANAHEIM,ANAHEIM,2cbdd3d0-cfa8-4ff7-b12c-985ac3cc0d89,90,True,"Anaheim, CA",,False,CA,US,True,1,
1042,8eb91010-4215-4bc1-ae55-75e8961b9171,DEQ_MEDFORD,DEQ_MEDFORD,30a4a660-2bac-48c1-868d-98d6599cf1b6,90,True,DEQ Medford,,False,OR,US,True,1,logo.jpg
1043,aac19e4e-87f9-4fa7-95a9-75f1b8120c4c,NEWMEX,NEWMEX,58049234-4cdb-4ed8-9122-fd26cdc25622,90,True,NEWMEX,,False,NM,US,True,2,
1049,26315ade-6624-4a63-8a87-76c6133838cd,CURRY_CO,CURRY_CO,30a4a660-2bac-48c1-868d-98d6599cf1b6,90,True,Curry County,True,False,OR,US,True,1,logo.JPG
1057,a35d5801-2769-4c3b-a739-776e65d3bc67,STANDARDTEST-s446-delete,STANDARDTEST,6242c20c-7d4e-4f22-a5ab-e8bb912df46a,90,True,,,False,CA,US,True,2,
1059,cd4ed858-782e-4554-9029-77a8372e61d8,CHARLOTTE_EC,CHARLOTTE,52f80df3-26db-462a-8c4c-125fdb29ce97,90,True,"Charlotte, NC",True,False,NC,US,False,2,
1062,68238383-b5fe-45f1-aaed-77f8e8db2f96,BERNCO_OP,BERNCO,5acd8788-9bca-4c3e-8586-32522ed6761e,90,True,,,False,NM,US,True,2,
1063,347ed86e-31a5-4de1-86c7-77fe9981f14b,CLOUD07,CLOUD07,c19b975c-f24f-4900-a809-4129e8a96d30,90,True,_Cloud07-DEMO,,False,CA,US,True,1,
1065,5ea15fb1-573e-458a-95c5-780260702a85,COBBCO,COBBCO,b55cad92-6c82-4665-97f6-b604255778c8,90,True,COBBCO,True,False,GA,US,True,1,
1066,d53ac928-ba83-4b6a-b446-781dd1e73092,LINCOLN_CITY,LINCOLN_CITY,30a4a660-2bac-48c1-868d-98d6599cf1b6,90,True,Lincoln City,True,False,OR,US,True,1,logo.png
1067,a244b6bc-2e7f-442f-a28a-782fcf4cdda9,sacramento-qa,SACRAMENTO,4001faae-857c-41f1-8045-e7658e669ab7,90,True,,True,False,CA,US,True,1,
1078,4fc153a5-9ca3-4815-83bd-79432eff33ac,CCMD,CCMD,5724d4b5-c0ca-4043-aa83-9ca8875f4738,90,True,Carroll County Government,,False,MD,US,True,2,logo.png
1080,c21e8c5d-6de1-4497-b9b1-79709f29d1c8,COHB,COHB,33555a10-8c3d-42d1-9476-e37dd49c6b76,100,True,City of Huntington Beach,True,False,CA,US,True,2,logo.jpg
1084,482ac8dd-9a71-49b7-8987-7a34f1f2a515,Polkco_Building,POLKCO,bb7cdc1c-d7cf-4600-9ff8-5653cecb2e6e,90,True,Building,True,False,FL,US,False,2,
1090,97c4290d-a9e9-4ff5-a49c-7aff0b5a63d5,CORTE,CORTE,21c44f07-cba8-49d7-902d-b8b300a89fdc,90,True,CORTE,True,False,CA,US,True,1,
1095,b59fd539-c999-47af-b694-7b906a0a83d8,SLREF,SLREF,21c44f07-cba8-49d7-902d-b8b300a89fdc,90,True,"City of Southlake, TX",True,False,TX,US,True,1,logo.jpg
1100,e207d341-fc80-4df8-8949-7c659c5e7ae4,YAMHILL_CO,YAMHILL_CO,30a4a660-2bac-48c1-868d-98d6599cf1b6,90,True,Yamhill County,,False,OR,US,True,1,
1103,97da99b4-c2cf-475b-8114-7cdbf63ee2e9,ISLANDTON,ISLANDTON,f8dc775f-2231-46c9-8f60-87074d25e9f8,90,True,ISLANDTON Sandbox for App Developers,True,False,CA,US,True,1,
1104,e21b170a-f924-4234-8ec7-7cf7336dd3dd,CENTRAL_POINT,CENTRAL_POINT,30a4a660-2bac-48c1-868d-98d6599cf1b6,90,True,Central Point,True,False,OR,US,True,1,logo.png
1108,4e9e6348-f387-4158-9687-7d6da27ebfa6,MULTCO,MULTCO,52f80df3-26db-462a-8c4c-125fdb29ce97,90,True,,True,False,OR,US,True,2,
1113,329d7334-7a7f-4d7b-b218-7dc25417c7ba,SWEET_HOME,SWEET_HOME,30a4a660-2bac-48c1-868d-98d6599cf1b6,90,True,Sweet Home,True,False,OR,US,True,1,logo.jpg
1116,ba2d75be-f500-4b52-9570-7de3bb71c911,OAKLAND,OAKLAND,52f80df3-26db-462a-8c4c-125fdb29ce97,100,True,"City of Oakland - Planning,Building and Fire Department",True,False,CA,US,True,2,logo.png
1117,32eee3c9-33cc-4d1c-8774-7dec58795a8b,SIRA,SIRA,d4dfe3dd-c0aa-4245-b531-761d4b16562e,90,True,Security Industry Regulatory Agency,,False,Dubai,AE,True,2,
1119,f1fd3498-71c2-497c-95a5-7e14c966ef29,WATERTOWNNY_TEST,WATERTOWNNY,52f80df3-26db-462a-8c4c-125fdb29ce97,90,True,WaterTown NY TEST,,False,NY,US,True,2,
1122,95ab4fe2-9f47-4ba8-b699-7e8dc1ddeeb7,SANDIMAS,SANDIMAS,52f80df3-26db-462a-8c4c-125fdb29ce97,90,True,City of San Dimas,True,False,CA,US,True,2,logo.jpg
1129,48ea54fb-dbd3-483f-ae65-7f17401b069d,MCOSS,MCOSS,22ddb0e5-ed18-4f15-9195-06ff081c4051,90,True,Planning and Development,True,False,AZ,US,True,2,
1145,550552d9-1d3c-4c12-8797-80ec3d37b5fe,AURORA,AURORA,30a4a660-2bac-48c1-868d-98d6599cf1b6,90,True,Aurora,True,False,OR,US,True,1,logo.jpg
1147,a8d4aec9-83b1-4515-a599-812eb6dc9564,NEWMARKET,NEWMARKET,b73e42b0-9585-46f9-9a4e-2191b6e31e08,90,True,,,False,ON,CA,True,2,
1156,882b3fab-61c6-4033-b62e-824d32112be5,JOSEPHINE_CO,JOSEPHINE_CO,30a4a660-2bac-48c1-868d-98d6599cf1b6,90,True,Josephine County,True,False,OR,US,True,1,logo.jpg
1159,c12aa5cd-86b5-42bf-b006-834bf6622133,QA-CNST43,QA,4925dda1-e84d-40eb-abf6-c473840ea184,90,True,kla,,False,CA,US,True,1,logo.jpg
1160,ce1625ee-49e4-4675-ae69-839af2e63a8d,COWLITZ,COWLITZ,52f80df3-26db-462a-8c4c-125fdb29ce97,90,True,COWLITZ,True,False,WA,US,True,2,
1162,23934fbf-e016-4ef6-82fb-83e4f62cceb6,STDTEST2019-stest7,STDTEST2019,bce33295-76fd-40a1-a07c-ec5cce744c61,90,True,,,False,CA,US,True,2,logo.jpg
1163,218c737f-bbba-4b56-b7a2-841fe3bc0a38,SMCGOV,SMCGOV,52f80df3-26db-462a-8c4c-125fdb29ce97,100,True,San Mateo County,True,False,CA,US,True,2,logo.jpg
1166,77fef3c7-963a-48ba-bfa5-845d56f58147,MISSOULA,MISSOULA,0ee5d54a-41c4-488c-aa78-db64ff42ce78,90,True,City of Missoula,True,False,MT,US,True,2,logo.jpg
1170,dd5011e2-ba8e-4324-bd1b-85038cac5e5c,CINCINNATI,CINCINNATI,7d2cd364-d72c-4f91-8a83-c47405169ad3,90,True,CINCINNATI,,False,OH,US,True,1,
1181,ce875ac6-585b-468f-ba0b-86d4538fa42b,BIRMINGHAM,BIRMINGHAM,52f80df3-26db-462a-8c4c-125fdb29ce97,90,True,BIRMINGHAM,True,False,AL,US,False,2,logo.jpg
1184,ba48a4ed-fd52-46fd-9594-870633301e47,MIHS,MIHS,52f80df3-26db-462a-8c4c-125fdb29ce97,90,True,MIHS,True,False,MI,US,True,2,
1190,a731fc29-ce80-4ff4-a8ed-877ed0790266,TAMPA,TAMPA,7673fcde-7894-4348-9f10-b3f3d4cc0a12,90,True,TAMPA,True,False,FL,US,True,2,
1199,632da483-5dda-40c7-b3fa-886fc71ec9bc,LONGMONT,LONGMONT,9d76e249-5489-4155-a78c-ee4de54caf8e,90,True,"Longmont, CO",True,False,CO,US,True,2,logo.png
1201,4bf1117b-26fb-4440-bab9-8897ebccf696,COLLEGEPARK,COLLEGEPARK,52f80df3-26db-462a-8c4c-125fdb29ce97,90,True,College Park,True,False,MD,US,True,2,
1205,1be5ea5a-056a-4957-b778-89711ab6e3bb,STANDARDTEST-GWY-325,STANDARDTEST,b788dd5d-4e9e-4f2e-b4af-21742d3b2743,90,True,,,False,CA,US,True,1,logo.jpg
1206,06071736-8e9f-4fa0-af00-8983d572b338,KEIZER,KEIZER,30a4a660-2bac-48c1-868d-98d6599cf1b6,90,True,Keizer,True,False,OR,US,True,1,
1208,d67b8297-1a4b-4e07-b5ed-89ac038eee5e,ROSEVILLE_MN,ROSEVILLE_MN,52f80df3-26db-462a-8c4c-125fdb29ce97,90,True,ROSEVILLE_MN,True,False,MN,US,True,2,
1221,2c9f8eaf-85ba-4c9b-90ed-8b277f780094,WELD-TEST,WELD-TEST,93b8d71d-59b3-4d07-9fbf-2763ab611533,90,True,,,False,CO,US,True,2,
1223,db1875dc-9cc4-4381-a804-8b856d7cca51,MJPA,MJPA,21c44f07-cba8-49d7-902d-b8b300a89fdc,90,True,March Joint Powers Authority,True,False,CA,US,True,1,
1224,ea120fdc-573d-4e6c-97e9-8b8afa71ed18,AZCCSF,CCSF,52f80df3-26db-462a-8c4c-125fdb29ce97,90,True,"City and County of San Francisco, CA",,False,CA,US,True,2,
1226,725e5ca2-aab2-4db1-9681-8c60fdbcb7a9,DETROIT,DETROIT,52f80df3-26db-462a-8c4c-125fdb29ce97,90,True,CITY OF DETROIT,True,False,MI,US,True,2,logo.jpg
1235,80c20fa4-5a73-4465-927d-8d14d54b9d7d,LEAMS,LEAMSDPW,4cc31f8a-c4b9-467c-b59d-8dee845bf0d0,90,True,LEAMSDPW,True,False,CA,US,True,1,
1243,d5b4841b-1863-4f53-901a-8df5411afb70,Standardtest-44-22,Standardtest,c32e11ff-2999-4ba8-b402-f2f1eee8bf10,90,True,adn,True,False,CA,US,True,1,
1245,a4bd0d9c-1b40-490c-a08b-8eb933245c23,TILLAMOOK_CO,TILLAMOOK_CO,30a4a660-2bac-48c1-868d-98d6599cf1b6,90,True,Tillamook County,True,False,OR,US,True,1,logo.JPG
1246,299ed584-6083-4bf7-8811-8ebb3f6f8b80,MCALLEN,MCALLEN,50685357-03a2-4206-9ef7-6c6042e4d2cd,90,True,City of McAllen,,False,TX,US,True,2,
1249,1d9bed47-1d61-48c9-a747-8f142be8a593,ERD,ERD,e11c84f6-c608-48d6-a722-7ff114ebe419,90,True,ERD,True,False,MT,US,True,1,
1253,5b133ecf-43e2-4beb-9f64-8f69ab5d3836,DESCHUTES_CO,DESCHUTES_CO,30a4a660-2bac-48c1-868d-98d6599cf1b6,90,True,Deschutes County,True,False,OR,US,True,1,logo.jpg
1255,031525d9-9562-469d-927b-8f9ef0fdcf51,DENPrkTest,Denver,6255d00f-509c-4549-8064-34320f72c62e,90,True,DENPrkTest,True,False,CO,US,True,1,
1265,f66378f7-d600-47eb-aa8b-90cdb6580b88,HUMBOLDT,HUMBOLDT,52f80df3-26db-462a-8c4c-125fdb29ce97,90,True,Humboldt County,True,False,CA,US,True,2,logo.jpg
1272,039b3e4f-9b70-490a-bb9a-9152acdb2a1c,STANDARDTEST-GTW431-2,STANDARDTEST,7f25d376-91fd-49b6-883a-d002add2b5bd,90,True,,,False,CA,US,True,1,
1276,ea593f48-72bc-4fda-8ece-918d6fa63eff,AZOLMSTED,OLMSTED,52f80df3-26db-462a-8c4c-125fdb29ce97,90,True,Olmsted County,,False,MN,US,True,2,
1278,abe0fc33-231e-4545-8d08-923734268c51,LEXINGTON,LEXKY,52f80df3-26db-462a-8c4c-125fdb29ce97,90,True,,True,False,KY,US,True,2,logo.png
1280,55f77c0f-7bc1-477d-a62e-92574b8177ce,COLUMBUS,COLUMBUS,4fd4ce3e-658d-439c-8652-8037b359a70c,90,True,City of Columbus Building and Zoning Services,True,False,OH,US,True,1,
1292,05869c8e-e2fc-4676-89e5-9349bfdf84a5,KLAMATH_CO,KLAMATH_CO,30a4a660-2bac-48c1-868d-98d6599cf1b6,90,True,Klamath County,True,False,OR,US,True,1,logo.jpg
1299,ee0941d1-0504-4db9-a6f5-93dfcc35c7a3,woodlands,woodlands,f6934f4b-b309-4133-8f6a-6289ffd3a852,90,True,"The Woodlands Towsnhip, TX",,False,TX,US,True,2,logo.jpg
1300,a3cc2ae3-52d4-4920-8ebe-93e9d3026843,HOOD_RIVER,HOOD_RIVER,30a4a660-2bac-48c1-868d-98d6599cf1b6,90,True,Hood River City,True,False,OR,US,True,1,logo.png
1303,2375beb0-f68f-44d7-9dd0-94079baffd6e,E_CHICAGO,E_CHICAGO,e2cb7068-865f-4b0d-b774-4d1a63e66c61,90,True,E_CHICAGO,True,False,IL,US,True,1,logo.png
1306,ed6519eb-a102-4bd2-8dc8-94b0d499652b,ATLANTA_GA,ATLANTA_GA,52f80df3-26db-462a-8c4c-125fdb29ce97,90,True,"City of Atlanta, GA",,False,GA,US,True,2,
1307,7ba52dcb-fd4a-425a-93bc-94becea2e647,WILDWOOD,WILDWOOD,e2cb7068-865f-4b0d-b774-4d1a63e66c61,90,True,"Wildwood, MO",True,False,MO,US,True,1,logo.png
1308,6e28753f-5427-4870-9689-94cb562792ae,ADBC,ADBC,7213883a-481e-41d6-adc2-721b2e83bc52,100,True,,True,False,Abu Dhabi,AE,True,1,
1310,adc7f46d-572b-426b-889a-9545fd70dd52,CLOUD10,CLOUD10,c19b975c-f24f-4900-a809-4129e8a96d30,90,True,_Cloud10-DEMO,True,False,CA,US,True,1,logo.png
1323,8c1f8689-52a1-4515-b695-964e58c12f4e,MILWAUKEE,MILWAUKEE,52f80df3-26db-462a-8c4c-125fdb29ce97,100,True,Milwaukee,,False,WI,US,False,2,logo.jpg
1334,d9bbf26a-7658-4f68-8213-97f78d43c524,OSCEOLA_TEST,OSCEOLA,66b097e7-c6e9-49bc-9c9b-cb1fdc6c5abc,90,True,Osceola Test County,,False,FL,US,True,2,
1335,cdd5748f-3ec2-4fdb-883c-97fcaf1c7b3e,PLACERCO,PLACERCO,a7ca9457-25d7-479e-a7a0-647601582e22,90,True,Placer County,True,False,CA,US,True,1,logo.png
1337,30e8f1a9-4d57-45ea-bd90-98401bdae4d0,FFX,FFX,f50fad59-5743-4a40-bf0a-e4d38f70d8e8,90,True,"Fairfax County, VA",True,False,VA,US,True,2,logo.png
1343,6c692d31-503a-4fbc-8e2b-9919a0548bb2,YAKIMACO,YAKIMACO,f8b30a2f-32e3-4ec0-b186-aa5f73c7fb8b,90,True,"Yakima County, WA",,False,WA,US,True,2,
1354,d1490fb5-3789-4fd5-a21f-99f69f43c172,VISALIA-FIRE,VISALIA,32a528ab-9ed5-4d78-80f9-e6087c909b98,90,True,,,False,CA,US,True,2,
1357,3a9b725d-4fe1-4de3-b922-9a5cdaf3d2d7,SEATTLE,SEATTLE,6168de56-98d1-4759-b329-c3d06e894a41,90,True,SEATTLE,True,False,WA,US,True,2,logo.png
1358,2d8a078d-7ed5-4753-863e-9a8469f9c9f6,GOLDEN,GOLDEN,52f80df3-26db-462a-8c4c-125fdb29ce97,90,True,City of Golden,True,False,CO,US,True,2,
1360,f781d5b6-59f6-4dae-89e1-9acda4a9a18c,GUILFORD,GUILFORD,5078d111-d822-4c3c-8237-432a46b1f9e3,90,True,Guilford County,,False,NC,US,True,1,
1365,331ceb80-3fd5-4673-ba29-9b2654b6859d,CORVALLIS,CORVALLIS,3702c522-6c95-45c7-b147-557f14950a0c,90,True,City Of Corvallis,True,False,OR,US,False,2,logo.png
1373,0ef95478-947e-4878-828e-9bee608e4862,COR,COR,84bd69c4-1f09-44ba-8ba7-0d3a2d4c9e1d,90,True,"City of Roseville, CA",True,False,CA,US,True,1,logo.jpg
1381,03af8159-4888-445b-8c25-9d2f0978bdaf,Test-Agency-QA,QA,52f80df3-26db-462a-8c4c-125fdb29ce97,90,True,,,False,CA,US,True,2,
1383,e103e10b-62f7-493b-b367-9d54785d77fa,COLUMBIA_CITY,COLUMBIA_CITY,30a4a660-2bac-48c1-868d-98d6599cf1b6,90,True,Columbia City,True,False,OR,US,True,1,
1386,8b60d82e-f443-4d6f-9c09-9d9daff8f622,OLE,OLE,60713347-dddf-4b40-8a29-eb47f74e8522,100,True,Agency OLE,,False,MA,US,True,1,
1407,c3356777-0ada-4407-914d-a0a7f19742bb,BOCC,BOCC,b6c22d5f-25b1-42b6-a1e2-e01786477024,90,True,Charlotte County BOCC,True,False,FL,US,True,2,logo.png
1410,e718cab2-0e89-4fc9-b860-a0eec9d7b3ce,AZTLG,TLG,52f80df3-26db-462a-8c4c-125fdb29ce97,90,True,,,False,CA,US,True,2,
1425,86874c1d-4d5d-4196-b5f0-a2344679c6da,OSHPD,OSHPD,457ddf6f-fe5e-4495-855b-1ebf840ac14c,90,True,State of California - OSHPD - Statewide Health Planning and Development,True,False,CA,US,True,2,logo.jpg
1432,6ef6e7d5-fc69-4582-9c49-a2d737483f61,COS-Dev,COS,0d21961d-226c-4e48-989a-0257b2f93d05,90,True,COS-DEV,True,False,MA,US,True,2,logo.jpg
1434,5e575404-9be3-4a40-90e8-a30ca9190d3c,SLCREF-ServiceRequest,SLCREF,0ca41fb9-60c3-42b5-ae75-081903022e09,90,True,SLCREF ServiceRequest,True,False,UT,US,True,1,logo.png
1439,fa61d43d-80e4-44f8-8a53-a3650c4980e5,VISALIA,VISALIA,32a528ab-9ed5-4d78-80f9-e6087c909b98,90,True,Visalia,,False,CA,US,True,2,
1441,fdfb6d1c-d33e-4ab1-ae6c-a38bf39d3523,SBC,SBC,02d1b33a-4237-4cc7-8b14-6a83dc5b6f76,90,True,County of San Bernardino,True,False,CA,US,True,2,
1442,0ec2b4c6-e527-4388-a8cf-a3a013b90e23,SANDIEGO,SANDIEGO,52f80df3-26db-462a-8c4c-125fdb29ce97,100,True,SANDIEGO,True,False,CA,US,True,2,logo.png
1448,45c22483-2a9e-4373-b90b-a429e40d6770,AZBUTLER,BUTLER,52f80df3-26db-462a-8c4c-125fdb29ce97,90,True,"Butler County, OH",True,False,OH,US,True,2,
1451,779012ca-3fec-44ea-a6dd-a455ac4e70c9,CDFA,CDFA,d54c398c-a29f-4746-92bb-8241384bd945,90,True,State of California - Department of Food and Agriculture,True,False,CA,US,True,1,
1453,41788d2c-fa95-4784-86e1-a4644ce8abba,MILWAUKEE_SUPP,MILWAUKEE,52f80df3-26db-462a-8c4c-125fdb29ce97,90,True,Milwaukee Support,True,False,WI,US,True,2,
1455,6772b345-399c-49b7-afae-a50e46dabaad,BERNCO,BERNCO,52f80df3-26db-462a-8c4c-125fdb29ce97,90,True,BERNCO,True,False,NM,US,True,2,logo.jpg
1459,4d624529-0b47-4560-89ab-a5d21fae23c1,AZMIMM,MIMM,52f80df3-26db-462a-8c4c-125fdb29ce97,90,True,MIMM,True,False,MI,US,True,2,
1465,32b78fa5-b110-4f35-be95-a6a6f45f2edc,SLC,SLC,24d017b7-4289-4710-883e-acc19e122dab,90,True,Saint Louis County,True,False,MO,US,True,2,
1466,1545d7bf-1611-48a1-8385-a6bdd71ee95a,COWETA,COWETA,52f80df3-26db-462a-8c4c-125fdb29ce97,90,True,COWETA,True,False,GA,US,True,2,logo.png
1469,7fdc1d1c-735b-4778-bc23-a6f32c3ac114,ADAMSCO,ADAMSCO,34e79cfe-7742-446a-a6da-b6f08182ce4c,90,True,Adams County,True,False,CO,US,True,2,logo.jpg
1470,37e1fa04-c2a1-4ffd-95db-a6fc53fc6d7b,CHESAPEAKE,CHESAPEAKE,52f80df3-26db-462a-8c4c-125fdb29ce97,90,True,CHESAPEAKE,True,False,VA,US,True,2,logo.png
1472,a9e2bc5e-06e9-4290-ab12-a71a57d966d3,PALOALTO-ER,PALOALTO,21c44f07-cba8-49d7-902d-b8b300a89fdc,90,True,PALOALTO-ER,,False,CA,US,True,1,
1474,cf89cd40-3377-4eb4-991a-a7a5451c54e8,AVONDALE,AVONDALE,5aae5234-81d0-434b-b8db-7f27609db5a4,90,True,avondale,True,False,AZ,US,True,1,
1478,42d900b9-348b-4390-9c71-a84760a08642,DUBLINOH,DUBLINOH,52f80df3-26db-462a-8c4c-125fdb29ce97,90,True,"City of Dublin, Ohio",True,False,OH,US,True,2,logo.png
1482,8f4590db-586b-4b0e-85a2-a933a9440086,REDMOND,REDMOND,30a4a660-2bac-48c1-868d-98d6599cf1b6,90,True,Redmond,True,False,OR,US,True,1,logo.jpg
1484,d9d99aaa-c758-4128-a8d8-aa145c726702,MANZANITA,MANZANITA,30a4a660-2bac-48c1-868d-98d6599cf1b6,90,True,Manzanita,True,False,OR,US,True,1,
1485,cbb268cb-96d1-411b-a3a0-aa2e2cad3174,MILWAUKIE,MILWAUKIE,30a4a660-2bac-48c1-868d-98d6599cf1b6,90,True,Milwaukie,True,False,OR,US,True,1,logo.png
1491,2a1d075a-38e0-4f6b-b412-aac8b331c686,PERMITS,BARRIE,947bd79f-f524-4fbe-8891-407ad9b54ebc,90,True,,True,False,ON,CA,True,2,logo.png
1494,1b0a3ffe-9c7c-4bca-90ba-aafd02b89a6c,MCCOG,MCCOG,30a4a660-2bac-48c1-868d-98d6599cf1b6,90,True,,,False,OR,US,True,1,
1497,28c8ec19-2cec-4e94-87c3-ab780f48e589,WHITTIER,WHITTIER,52f80df3-26db-462a-8c4c-125fdb29ce97,90,True,City of Whittier,True,False,CA,US,True,2,logo.jpg
1502,3cf98911-34b2-48ef-9bb2-ac1889174741,PHILOMATH,PHILOMATH,30a4a660-2bac-48c1-868d-98d6599cf1b6,90,True,Philomath,True,False,OR,US,True,1,logo.jpg
1503,03c3a3b9-d288-411b-8acb-ac3086783a20,MILARA,MILARA,52f80df3-26db-462a-8c4c-125fdb29ce97,90,True,MILARA,True,False,MI,US,True,2,
1506,5d6c044b-0751-4b34-94af-ac515308ccbc,SAAS,SAAS,f3feaea9-fece-408f-ad0d-95931e166771,90,True,Accela SaaS,True,False,CA,US,True,1,
1511,e64b1e65-2039-42e8-9848-ad8fe1a119c8,ETECH,ETECH,dae664fe-c79d-4803-88c8-275317c6ce1b,90,True,ETECH,True,False,OR,US,True,2,logo.png
1512,fd015abf-71f1-405f-9994-add644828932,WEST_LINN,WEST_LINN,30a4a660-2bac-48c1-868d-98d6599cf1b6,90,True,West Linn,True,False,OR,US,True,1,logo.png
1514,f8565bbd-888b-417c-b442-ade3253a1ccd,MCPHD,MCPHD,52f80df3-26db-462a-8c4c-125fdb29ce97,90,True,MCPHD,,False,IN,US,True,2,logo.png
1517,596f4743-7749-4776-84e6-aeae7be6495e,AZCHESTERFIELD,CHESTERFIELD,52f80df3-26db-462a-8c4c-125fdb29ce97,90,True,Chesterfield County,,False,VA,US,True,2,logo.jpg
1521,bfa64dd1-7b05-41a2-be66-aefbbd56ca3f,CRC-Triage,CRC,a3d40f70-67af-4caa-816d-c2407ca0d5ac,90,True,CRC Triage,,False,UT,US,True,2,
1523,dc2f075f-d8eb-4508-b802-af6ff56393d0,TEHACHAPI,TEHACHAPI,52f80df3-26db-462a-8c4c-125fdb29ce97,90,True,TEHACHAPI,,False,CA,US,True,1,
1529,9e5fafbf-179e-46a0-8def-afb268cc542f,ELPASO,ELPASO,db9a6fd2-183c-4395-997c-ed02f392e0b1,90,True,"City of El Paso, TX",True,False,TX,US,True,1,logo.jpg
1530,c5e5b02e-c62a-4ab6-b8df-afca9a2f4e85,CLOUD11,CLOUD11,c19b975c-f24f-4900-a809-4129e8a96d30,90,True,_Cloud11-DEMO,True,False,CA,US,True,1,logo.png
1535,9fb14b0a-75a2-4b74-be44-b08cfae61b7d,CERS-DEV,SOL_INT,ced2909f-72fb-43b6-8809-3b1bfc9861a9,90,True,CERS DEVELOPMENT ENVIRONMENT,True,False,UT,US,True,2,
1540,77b2592c-1c67-4b13-b207-b0ddc0137342,COBURG,COBURG,30a4a660-2bac-48c1-868d-98d6599cf1b6,90,True,Coburg,True,False,OR,US,True,1,logo.jpg
1550,ca7a0a57-032a-4293-bab9-b1d7947de61f,VENETA,VENETA,30a4a660-2bac-48c1-868d-98d6599cf1b6,90,True,Veneta,True,False,OR,US,True,1,logo.jpg
1552,23d6ade1-1ec1-452e-9bc3-b223c28bd909,Azure-MT-QA-s446,QA,b40a9423-ba78-4533-b53b-728477693f76,90,True,,,False,CA,US,True,2,
1554,c3a4285d-b6e9-4d20-bcd6-b25f141b8b96,OREGON,OREGON,30a4a660-2bac-48c1-868d-98d6599cf1b6,90,True,,,False,OR,US,True,1,
1557,3c3756f4-f481-42f7-a091-b2ba69c79e85,AZURE-MT-Host-1s446,QA,b40a9423-ba78-4533-b53b-728477693f76,90,True,,,False,CA,US,True,2,
1562,675f1c6b-1847-4a3d-a711-b37411fa5c0b,andreistall,andreistall,d72cc305-0a75-40ec-b9cd-a3bfcd285a11,90,True,andreistall,True,False,CA,US,True,1,
1568,9adef673-0141-43d6-a225-b4293012addf,EVANSTON,EVANSTON,52f80df3-26db-462a-8c4c-125fdb29ce97,90,True,,,False,IL,US,True,2,
1569,4a91bcc7-8676-4a16-842a-b452a6db7d01,OR_MHODS,OR_MHODS,30a4a660-2bac-48c1-868d-98d6599cf1b6,90,True,Oregon MHODS,,False,OR,US,True,1,
1571,9ae99475-671d-4f4b-a4a5-b45aa02d22fe,PITTSBURGH_PA,PITTSBURGH_PA,52f80df3-26db-462a-8c4c-125fdb29ce97,90,True,,True,False,PA,US,True,2,
1573,8ab43f57-6e43-4f0a-84a5-b47d0724dfc2,FFX_HOSTED,FFX,e2cb7068-865f-4b0d-b774-4d1a63e66c61,90,True,FFX,True,False,VA,US,True,2,
1582,1d9d8a67-a69d-43d0-897b-b5be07c621a3,COC,COC,a1258f5d-8a9c-417f-8343-56b5c033b34f,90,True,"Cleveland, OH - City",True,False,OH,US,True,1,
1584,5901e1eb-afdf-4205-9948-b5c9239e6a10,PAYMENT-DEV,SOL_INT,a36cd393-b8cb-4a8b-a9e9-fa4031e46d4c,90,True,PAYMENT DEVELOPMENT MACHINE,True,False,UT,US,True,2,
1588,01d36bcc-5aa7-401b-a743-b6446dc45aec,HAPPY_VALLEY,HAPPY_VALLEY,30a4a660-2bac-48c1-868d-98d6599cf1b6,90,True,Happy Valley,True,False,OR,US,True,1,logo.jpg
1589,8130fc9a-7ed6-4a5a-b6bd-b65a410c394f,TRAINING001,TRAINING001,52f80df3-26db-462a-8c4c-125fdb29ce97,90,True,METROPOLIS,True,False,CO,US,True,2,logo.png
1594,62cf3b58-d5b5-488a-841e-b6c184d2381e,FDACS,FDACS,1fe93044-0c54-4610-95a5-b6b99c228b85,90,True,Florida Department of Agriculture and Consumer Services,True,False,FL,US,True,1,logo.png
1602,b4d417d3-43db-4d59-91a3-b743b83166c6,MARION_CO,MARION_CO,30a4a660-2bac-48c1-868d-98d6599cf1b6,90,True,Marion County,True,False,OR,US,True,1,logo.png
1605,e25e3333-1cb9-4c60-be91-b79ccaa43fa8,MARTINCO,MARTINCO,52f80df3-26db-462a-8c4c-125fdb29ce97,100,True,"Martin County, FL",True,False,FL,US,True,2,
1614,b9d77db9-a35f-4528-a017-b85a46af2238,SUFFOLKCO,SUFFOLKCO,52f80df3-26db-462a-8c4c-125fdb29ce97,100,True,Suffolk County,,False,NY,US,True,2,logo.png
1617,ab4d31c6-c4e7-4ae4-bafe-b88a65ed9c09,CITYOFRC,CITYOFRC,52f80df3-26db-462a-8c4c-125fdb29ce97,90,True,CITYOFRC,True,False,CA,US,True,2,logo.png
1621,7d7c273a-6a49-4f47-92c7-b8b36a5e6d58,CCSF,CCSF,52f80df3-26db-462a-8c4c-125fdb29ce97,90,True,"City and County of San Francisco, CA",True,False,CA,US,True,2,
1623,b43b06e3-9a83-4ff8-aa9a-b8e6dfbc1e8c,Fresno,Fresno,750c2bd3-b6d4-43e0-9127-7d9814414fb7,90,True,Fresno Development and Resources Management Department,,False,CA,US,True,1,logo.png
1629,f1ae38e9-f60a-44ae-a2ac-ba32cfcc1a57,OLWSD,OLWSD,52f80df3-26db-462a-8c4c-125fdb29ce97,90,True,OLWSD,True,False,OR,US,True,2,logo.png
1634,e63d78d7-6dcf-43ed-ac39-baa1513c4a5a,MOFK,MOFK,b3662b24-8a8d-4949-8ee8-8de41cea212a,90,True,,True,False,Kuwait,KW,True,2,
1636,0315174e-415c-4dcb-b323-bae820336407,CULVERCITY,CULVERCITY,778cda02-1882-4dd9-9d5f-a45a7633a993,90,True,"Culver City, CA",True,False,CA,US,True,2,logo.png
1642,c9a377e9-c977-4660-8b20-bb9aa978d0d4,COOS_BAY,COOS_BAY,30a4a660-2bac-48c1-868d-98d6599cf1b6,90,True,Coos Bay,True,False,OR,US,True,1,logo.png
1647,d242f63e-c083-4cd3-920a-bc2010e534bf,CLOUD02,CLOUD02,c19b975c-f24f-4900-a809-4129e8a96d30,90,True,_Cloud02-DEMO,True,False,CA,US,True,1,logo.png
1648,42964831-97e7-4625-a8cb-bc27cf5762b5,LENEXA,LENEXA,6ac79ee0-1826-4222-a332-099050d0b1eb,90,True,Lenexa,True,False,KS,US,True,2,logo.png
1657,2461f7e5-59b5-4869-88b9-bdf65e177ce0,ARAPAHOE-PROD,ARAPAHOE,51404662-34e0-4e74-acb1-a43c1a019840,90,True,Arapahoe County Public Works - PROD,True,False,CO,US,False,2,logo.png
1658,5e7e5cba-5463-4295-a43c-be1e5a91939e,BRIDGETON,BRIDGETON,9ddc5a31-6da5-4704-bb24-6d7f9c8be5d5,90,True,BRIDGETON,True,False,MO,US,True,2,
1663,b8aa7cd3-e407-45c8-8346-be802a7b4b66,HOCOTEC,HOCOTEC,52f80df3-26db-462a-8c4c-125fdb29ce97,90,True,,True,False,MD,US,True,2,
1668,ff674d09-d098-4c13-985e-bec15150c4a5,SFPORT,SFPORT,52f80df3-26db-462a-8c4c-125fdb29ce97,90,True,"Port of San Francisco, CA",True,False,CA,US,True,2,
1672,aaf83958-5bf3-471d-8308-bf52f018b0a9,VENTURA,VENTURA,27123a25-714c-4bb5-ad8c-3f0e2c026c58,90,True,Ventura County Automation,,False,CA,US,True,2,logo.png
1675,13671cb6-e44f-4c88-ba51-bf8943bd856e,COSTILLACO,COSTILLACO,52f80df3-26db-462a-8c4c-125fdb29ce97,90,True,,,False,CO,US,True,2,
1680,590f30a9-83b9-4c55-be86-c05364d360de,CLOUD21,CLOUD21,c19b975c-f24f-4900-a809-4129e8a96d30,90,True,_Cloud21-DEMO,True,False,CA,US,True,1,
1683,793a6082-9583-44c1-bd2e-c0947f5c4a07,PRAMS,PRAMS,0fc15785-2430-4c44-a153-9ce5ed8b1a1e,90,True,PRAMS,,False,CA,US,True,1,
1689,5308c498-b6d1-4a10-ace3-c11f736ee2b4,USF,USF,52f80df3-26db-462a-8c4c-125fdb29ce97,90,True,,True,False,FL,US,True,2,
1691,8a747f07-efc3-4dbf-94dd-c15a5a6d28cf,SACCO-BLD,SACCO,0050c2c5-0aee-4e7d-971a-58c8964bada9,90,True,,,False,CA,US,True,2,
1692,802d3b5e-ec7c-47e3-83d4-c15aa45be519,PARADISEVLY,PARADISEVLY,52f80df3-26db-462a-8c4c-125fdb29ce97,90,True,PARADISE VALLEY,True,False,AZ,US,True,2,logo.jpg
1701,c997d807-9e5c-4012-b21b-c224cf960680,cosd,cosd,4cc31f8a-c4b9-467c-b59d-8dee845bf0d0,90,True,County of San Diego,True,False,CA,US,False,1,logo.jpg
1716,f50351f7-9073-4813-ad77-c46b57288c3c,HARRISBURG,HARRISBURG,30a4a660-2bac-48c1-868d-98d6599cf1b6,90,True,Harrisburg,True,False,OR,US,True,1,
1720,65fd1e8f-e1e3-47c8-9d3a-c47dc072b5ef,NULLISLAND,NULLISLAND,0b0f8844-c3da-46eb-806c-812304941c9e,90,True,Null Island,True,False,CA,US,True,2,
1724,325bb03f-4aa0-4824-80f3-c4b87fa55ae2,LEAMSDPW,LEAMSDPW,0fc15785-2430-4c44-a153-9ce5ed8b1a1e,90,True,LEAMSDPW,,False,CA,US,True,1,
1728,710e1bbd-360c-4d6e-bc5b-c52b4d8afd91,NVMED,NVMED,52f80df3-26db-462a-8c4c-125fdb29ce97,90,True,,True,False,NV,US,True,2,
1734,fdc4d8ee-b083-433c-a5fb-c5c1fec74591,AURORACO,AURORACO,56e90f82-7153-4d41-9d29-880ab19ee7c4,90,True,"Aurora, CO",True,False,CO,US,False,2,logo.png
1736,5e365d65-d430-466a-b671-c6e91558a560,ETECHDEMO,ETECHDEMO,dae664fe-c79d-4803-88c8-275317c6ce1b,90,True,ETech,True,False,OR,US,True,2,
1741,974a30e6-bab2-4e4e-9a02-c7bf66ddbb15,PORTSEATTLE,PORTSEATTLE,52f80df3-26db-462a-8c4c-125fdb29ce97,90,True,,True,False,WA,US,True,2,
1742,dc61467a-ddd1-4064-913f-c7c9f7731bdb,MULTCO-TRL,MULTCO,21c44f07-cba8-49d7-902d-b8b300a89fdc,90,True,,,False,OR,US,True,1,
1749,6d06c032-fde4-4d94-adc7-c86470141ff6,AZCOF,COF,52f80df3-26db-462a-8c4c-125fdb29ce97,90,True,,True,False,CA,US,True,2,
1762,d9ebc6ee-52b9-4963-acb7-c9c7dce12da8,MOA,MOA,1b7b8d05-6c4c-4ef5-bff8-5cbdc7c73ef7,90,True,Jordan-MOA,,False,Amman,JO,True,2,
1763,e556ce19-3779-4fec-abf5-c9d70ea9a765,QA,QA,21c44f07-cba8-49d7-902d-b8b300a89fdc,90,True,QA test agency on West Coast,True,False,CA,US,True,1,logo.jpg
1764,cc625eb6-1588-47d1-b157-c9f668c2df62,JACKSONVILLE,JACKSONVILLE,9151c5dc-34ef-4e1d-9ae7-f40fe38d544d,90,True,Jacksonville,True,False,FL,US,True,1,
1768,93f7be47-d665-435f-ab76-ca4c44cf81f7,LEONCO,LEONCO,52f80df3-26db-462a-8c4c-125fdb29ce97,90,True,"Leon County, Florida",True,False,FL,US,True,2,logo.jpg
1770,d5ee67cb-28c7-41bb-9679-ca85f65f158c,UOCB,UOCB,52f80df3-26db-462a-8c4c-125fdb29ce97,90,True,UOCB,True,False,CO,US,True,2,logo.png
1773,c0855b77-3ed4-4be8-83a5-cac577e91705,ADMA,ADMA,6535d56b-e05a-4f00-9ed5-34cf10730597,90,True,ADMA,True,False,Dubai,AE,True,2,
1776,8ea9bb36-c7aa-4125-970d-cb6d4f4fc199,BUNCOMBE_CO_NC,BUNCOMBE_CO_NC,a74a8bb3-27c5-4b23-995f-7f070303a010,90,True,Buncombe County North Carolina,True,False,NC,US,True,2,logo.jpg
1779,67680629-23be-47bf-a82e-cbb22e26fdc6,SACCO-LIC,SACCO,0050c2c5-0aee-4e7d-971a-58c8964bada9,90,True,Sacramento County,True,False,CA,US,True,1,logo.jpg
1783,8c310d11-683e-4c93-8ced-cc250246eb6c,BARRIE,BARRIE,947bd79f-f524-4fbe-8891-407ad9b54ebc,90,True,BARRIE,True,False,ON,CA,True,2,logo.png
1790,30c1e8a2-7ac2-43f3-95e2-cca5736693ac,TORRANCE,TORRANCE,2585eaf4-f48b-4c24-825d-3e98a440ddfa,90,True,City of Torrance,True,False,CA,US,True,2,logo.jpg
1791,db84cbf9-15d1-44bd-8e12-cccbf0362d48,GCOM1,GCOM1,51bdc605-4029-4e41-980a-5853ef14ba77,90,True,,True,False,NY,US,True,1,
1795,54d26414-3954-4a5e-970d-cd5c2f91532a,TIGARD,TIGARD,52f80df3-26db-462a-8c4c-125fdb29ce97,90,True,"City of Tigard, OR",,False,OR,US,True,2,logo.png
1798,258c6647-d85d-432f-9be6-cd87ccbd4a1e,RENOTEST,RENO,e5064084-a19f-44b7-9860-9337a3c06069,90,True,Reno RENOTEST,True,False,NV,US,False,1,
1807,8e7095aa-2bb4-4331-b7bc-cecadc1431d4,COTTAGE_GROVE,COTTAGE_GROVE,30a4a660-2bac-48c1-868d-98d6599cf1b6,90,True,Cottage Grove,True,False,OR,US,True,1,logo.png
1809,9cd6ab40-288a-48dd-ab3c-cefbb1538791,DENDS,Denver,6255d00f-509c-4549-8064-34320f72c62e,90,True,DENDS,True,False,CO,US,True,1,
1810,d49547f9-7101-4972-91d5-cf1dec802edc,OTAGO,OTAGO,f8249e40-153b-4f47-84e3-cb9f56b2d1c9,90,True,OTAGO,True,False,Victoria,AU,True,2,
1813,576be86c-a518-4028-94a5-cf67cb7a3955,StandardTest-MultiDB,StandardTest,9a988cb5-ef02-4cfb-b415-58718d4c65e9,90,True,adn,,False,CA,US,True,2,logo.jpg
1814,7ada84fd-1875-4fbb-b20b-cfc05d55e4a9,CLATSOP_CO,CLATSOP_CO,30a4a660-2bac-48c1-868d-98d6599cf1b6,90,True,Clatsop County,True,False,OR,US,True,1,
1815,cedbc1f2-3a09-4cc5-8640-cfdaad5d6e77,LANCASTER,LANCASTER,52f80df3-26db-462a-8c4c-125fdb29ce97,90,True,,True,False,CA,US,True,2,logo.jpg
1817,8d666a1d-d38d-46fd-aed6-d01d8f96a6e4,SLCREF,SLCREF,0ca41fb9-60c3-42b5-ae75-081903022e09,100,True,Salt Lake City,True,False,UT,US,True,2,logo.jpg
1833,57f9055a-c510-43af-b236-d1f518cc19c9,AZSTANCO,STANCO,52f80df3-26db-462a-8c4c-125fdb29ce97,90,True,Stanislaus County,,False,CA,US,True,2,
1840,93231d65-93c0-4fe5-b7b4-d335c62ed820,MOCI,MOCI,84820a58-3e37-4cdb-9c35-d760dd9a5816,90,True,Ministry of commerce and industry  ,,False,Kuwait,KW,True,2,logo.png
1842,7b8bddaf-eaa8-4ae5-ba06-d350ce51f4c7,OSCEOLA_OP,OSCEOLA,66b097e7-c6e9-49bc-9c9b-cb1fdc6c5abc,90,True,Osceola County,,False,FL,US,True,2,
1850,f30c6074-f068-4be9-942b-d43c7f172702,CORNELIUS,CORNELIUS,30a4a660-2bac-48c1-868d-98d6599cf1b6,90,True,Cornelius,True,False,OR,US,True,1,logo.jpg
1855,68d533f6-b359-4c95-a0cb-d4a645035696,WASCO_CO,WASCO_CO,30a4a660-2bac-48c1-868d-98d6599cf1b6,90,True,Wasco County,True,False,OR,US,True,1,logo.png
1857,686c1d24-3ec1-4163-93d5-d4d8abf0b58a,BYLAW,BARRIE,947bd79f-f524-4fbe-8891-407ad9b54ebc,90,True,,True,False,ON,CA,True,2,logo.png
1863,ed21d4b6-552d-4cbf-a8de-d56952e6a79a,TACOMA,TACOMA,52f80df3-26db-462a-8c4c-125fdb29ce97,100,True,Tacoma,True,False,WA,US,True,2,logo.png
1864,604c5ade-e9b3-4d5c-bb7b-d5a01c87b144,CLOUD08,CLOUD08,c19b975c-f24f-4900-a809-4129e8a96d30,90,True,_Cloud08-DEMO,True,False,CA,US,True,1,logo.jpg
1865,582b822a-cf7f-4161-9e0a-d5aa1fdec25a,KINGCO,KINGCO,52f80df3-26db-462a-8c4c-125fdb29ce97,90,True,"King County, WA",True,False,WA,US,True,2,logo.jpg
1869,f56fe5c4-d95f-4250-85d4-d653b0c672e2,ACFW,ACFW,e072e539-adcd-48eb-8f5f-9552b2315d0b,90,True,ACFW,,False,IN,US,True,2,
1870,df402539-5027-406c-9ab5-d659d1fa22f7,EH_DEV,EH_DEV,9151c5dc-34ef-4e1d-9ae7-f40fe38d544d,90,True,EH_DEV,,False,UT,US,True,1,
1874,2236aa3a-41d3-4aac-a9ed-d6dea09c6ced,NORRIDGE,NORRIDGE,52f80df3-26db-462a-8c4c-125fdb29ce97,90,True,Village of Norridge,,False,IL,US,True,2,logo.jpg
1886,91d8789f-1ef9-40fe-9f65-d7e8ea97bf78,NOGALES,NOGALES,52f80df3-26db-462a-8c4c-125fdb29ce97,90,True,"City of Nogales, AZ",True,False,AZ,US,True,2,
1889,8d62ec5a-1027-4fa9-8c0b-d83872c93002,AZLARA,LARA,52f80df3-26db-462a-8c4c-125fdb29ce97,90,True,LARA,True,False,MI,US,True,2,
1896,e6eafaa4-7d46-4cb1-a882-d8b7157d4d75,LONETREE,LONETREE,52f80df3-26db-462a-8c4c-125fdb29ce97,90,True,,True,False,CO,US,True,2,logo.jpg
1897,b2fbd401-2cb6-4f32-a9cd-d8bb3a48f2f1,DELAND,DELAND,52f80df3-26db-462a-8c4c-125fdb29ce97,90,True,DELAND,True,False,FL,US,True,2,
1902,fd876b6d-035e-4f11-baf8-d901d50a597f,MCAQD,MCAQD,22ddb0e5-ed18-4f15-9195-06ff081c4051,90,True,Air Quality,,False,AZ,US,True,2,
1911,695f8fe7-c497-4884-a727-da757da7c835,PULLMAN,PULLMAN,21c44f07-cba8-49d7-902d-b8b300a89fdc,90,True,PULLMAN,True,False,WA,US,True,1,
1913,18548634-bf51-4ddb-97df-dab4487870b7,VELOSIMO-DEV,VELOSIMO1,2a26a1db-c30c-43be-a33a-4e3cce6f4ee0,90,True,VELOSIMO-DEV,,False,UT,US,True,2,
1915,1b50ae02-d7f5-4512-a00a-dadc1626e44c,MAPLEWOOD,MAPLEWOOD,52f80df3-26db-462a-8c4c-125fdb29ce97,90,True,MAPLEWOOD,True,False,MN,US,True,2,
1924,9abf4c32-07fe-4624-b70d-dc0afd3ec1df,PLEASANTON,PLEASANTON,c781f10a-329a-4930-93a3-3659409fcc01,90,True,,True,False,CA,US,True,1,
1931,c40beadf-5630-4cf5-8c47-dd03545f39d7,TXDOT,TXDOT,52f80df3-26db-462a-8c4c-125fdb29ce97,90,True,Texas Department of Transportation,True,False,TX,US,True,2,logo.png
1933,8c7c219b-fabd-4a5d-8943-dd1c546eb347,CLOUD09,CLOUD09,c19b975c-f24f-4900-a809-4129e8a96d30,90,True,_Cloud09-DEMO,True,False,CA,US,True,1,logo.png
1935,253c9a9d-6014-405c-9cb1-dd42087de778,CLEARWATER,CLEARWATER,15894570-fb11-4bd5-9cb2-f736b406a9f7,90,True,"City of Clearwater, FL",,False,FL,US,True,2,
1938,388ae121-66ae-40d3-8a5b-dd7181080a03,TAUNTON,TAUNTON,52f80df3-26db-462a-8c4c-125fdb29ce97,90,True,"Taunton, MA",True,False,MA,US,True,2,
1940,deca0118-8753-453a-ad93-ddcc049134bf,FREDERICTON,FREDERICTON,6d73a8a5-a419-4ecd-ba82-dfe58e821cf6,90,True,FREDERICTON,,False,NB,CA,False,2,logo.jpg
1945,1468a440-bfcc-453c-bee6-de3b93fd06b1,DALLAS,DALLAS,30a4a660-2bac-48c1-868d-98d6599cf1b6,90,True,Dallas,True,False,OR,US,True,1,logo.jpg
1946,c2ce4178-4761-429a-acc2-de72bc487328,PEORIA,PEORIA,2f52714b-b2fd-49ee-b437-1cb0331b80af,90,True,PEORIA,True,False,AZ,US,False,2,logo.JPG
1948,9d845b24-1e62-4563-b6fb-def0938461a9,MANATEE_SUPP,MANATEE_SUPP,2b39bff5-44ab-4403-b7ef-72c1d452a5e0,90,True,MANATEE_SUPP,True,False,CA,US,True,1,
1949,b71b36b3-c0e5-4955-b400-df0d5b7e117c,LYNN,LYNN,52f80df3-26db-462a-8c4c-125fdb29ce97,90,True,,True,False,MA,US,True,2,logo.jpg
1950,8151f69e-04ff-4561-a8c0-df2698bb9eff,MOTAEGYPT,MOTAEGYPT,e33cd092-b6f6-4988-b4ac-913aaa9c6701,90,True,Ministry of Tourism and Antiquities,True,False,Cairo,EG,True,2,
1954,a0aa0e1a-c843-4543-bad8-dfa08d982e37,SLC-PUBLICWORKS,SLC,24d017b7-4289-4710-883e-acc19e122dab,90,True,St Louis County Public Works,True,False,MO,US,True,1,
1956,2785d41e-8866-42f3-a435-e00fe7fb34a3,MLH,MLH,52f80df3-26db-462a-8c4c-125fdb29ce97,100,True,,True,False,MO,US,True,2,
1958,88db2ae6-393f-4576-bba0-e01fc10e4345,MOH,MOH,6adb64b0-cb09-4173-ac39-98bbfd262025,90,True,Jordan-MOH,,False,Amman,JO,True,2,
1965,42761b57-8fcb-44bc-a2b1-e12943405310,Louisville,LJCMG,6d9f1b55-54dc-42ec-b147-129565548c2d,90,True,,True,False,KY,US,True,1,
1968,661c57b7-e422-43b1-a288-e197f611b406,RICHMOND,RICHMOND,52f80df3-26db-462a-8c4c-125fdb29ce97,90,True,RICHMOND,True,False,KY,US,True,2,
1969,d767da88-68ed-44a3-8eec-e19bbd0a2c60,DENPrkQA,DENVER,6255d00f-509c-4549-8064-34320f72c62e,90,True,DENPrkQA,True,False,CO,US,True,1,
1973,c2248147-93f6-49c3-8e56-e20b37a8ef02,ARLINGTONCO,ARLINGTONCO,52f80df3-26db-462a-8c4c-125fdb29ce97,100,True,ARLINGTONCO,True,False,VA,US,True,2,
1978,126ffa69-0c8f-43f1-8014-e2e0349dfcdd,STANDARDDEMO,STANDARDDEMO,9151c5dc-34ef-4e1d-9ae7-f40fe38d544d,90,True,Accela,True,False,CA,US,True,1,
1979,930db395-1087-4d30-83a3-e2e26ffaf4db,PINAL,PINAL,5d696032-a18c-44b9-adc3-f0523a2d18b5,90,True,Pinal County,True,False,AZ,US,False,2,logo.jpg
1981,aabc5e29-c6c3-4b0d-b440-e32d9049b965,HERMOSABEACH,HERMOSABEACH,52f80df3-26db-462a-8c4c-125fdb29ce97,90,True,City of Hermosa Beach,,False,CA,US,True,2,
1982,961a17f7-2cbf-4eaa-9fa8-e33241bae10b,PINELLAS,PINELLAS,52f80df3-26db-462a-8c4c-125fdb29ce97,90,True,"Pinellas County, FL",True,False,FL,US,True,2,
1988,637c5bf6-7c4f-48b8-a0fd-e4038bd7dbfc,CLARKCO,CLARKCO,36d9157d-85f3-4092-9dff-b85e3dc32105,90,True,CLARKCO,,False,NV,US,True,2,logo.png
1995,fc7a180c-1661-46b0-b882-e4b6c1a35fa1,SACRAMENTO,SACRAMENTO,52f80df3-26db-462a-8c4c-125fdb29ce97,90,True,"City of Sacramento, CA",True,False,CA,US,True,2,
1999,bd891723-26cb-4713-91c1-e53991fe1c8b,CRYSTALLAKE,CRYSTALLAKE,52f80df3-26db-462a-8c4c-125fdb29ce97,90,True,Crystal Lake,True,False,IL,US,True,2,
2000,6c8e1ba9-3e46-421c-a274-e55b70ee81c5,CLACKAMAS,CLACKAMAS,72ddd231-1fd9-41d2-bb32-193c88502667,90,True,Clackamas County,True,False,OR,US,False,2,logo.png
2007,0138c425-cc7e-46bd-bbe1-e63ecf063baf,NORTH_BEND,NORTH_BEND,30a4a660-2bac-48c1-868d-98d6599cf1b6,90,True,,True,False,OR,US,True,1,
2008,47207079-e5c9-415d-8416-e646c31beb3a,MPFD,MPFD,52f80df3-26db-462a-8c4c-125fdb29ce97,90,True, Menlo Park Fire Protection District,True,False,CA,US,True,2,
2009,9449065d-f0e8-48b5-ae98-e65efd3dbaa2,DenverQA,Denver,6255d00f-509c-4549-8064-34320f72c62e,90,True,DenverQA,True,False,CO,US,True,1,
2023,205dfd64-edcb-4481-88b9-e7e739100139,NAPACO,NAPACO,c110dfee-1920-4017-a99b-650600a9f114,90,True,Napa,True,False,CA,US,False,2,
2029,80708622-a0f5-4ba7-8ec6-e86d565fd8f6,PAPILLION,PAPILLION,52f80df3-26db-462a-8c4c-125fdb29ce97,90,True,"Papillion, NE",True,False,NE,US,True,2,
2033,74feb92c-cea8-4681-96aa-e89ffe4fc4a1,BOCC-Demo,BOCC,b6c22d5f-25b1-42b6-a1e2-e01786477024,90,True,Demo BOCC,True,False,FL,US,True,2,
2035,dcc591ac-1fde-49a8-b547-e8b26183f0dc,FRAMINGHAM,FRAMINGHAM,9cd59ce8-ee88-4870-bd38-fb3f88deead0,90,True,"Framingham, Massachusetts",,False,MA,US,True,2,logo.png
2038,e4dad884-4e83-46be-8bb2-e90d4e5dc6ad,MOHAVE,MOHAVE,d0cee8d3-5b1f-4ca0-aca5-031056b9177d,90,True,"Mohave, AZ",True,False,AZ,US,True,2,logo.png
2059,313d491f-2fb4-4926-8c96-eb55c3203eb6,OMAHA,OMAHA,af1c2d40-f2d8-4aad-8698-17bb8a03572f,90,True,Omaha Building and Development,True,False,NE,US,True,2,logo.jpg
2064,69f63f6c-ce36-4606-95be-eba797f5e775,VISALIA-CODE,VISALIA,32a528ab-9ed5-4d78-80f9-e6087c909b98,90,True,,,False,CA,US,True,2,
2066,c5319fe4-082c-493d-bca6-ebf5ab8cacea,SCOTTSDALE,SCOTTSDALE,52f80df3-26db-462a-8c4c-125fdb29ce97,90,True,SCOTTSDALE,True,False,AZ,US,True,2,
2073,cfd9a735-1721-42a4-b744-ec6c53dfd0d6,BUTLER,BUTLER,52f80df3-26db-462a-8c4c-125fdb29ce97,90,True,"Butler County, OH",True,False,OH,US,True,2,
2074,ef3add72-9841-4aec-88a9-ec7b88e40a7b,MASON,MASON,52f80df3-26db-462a-8c4c-125fdb29ce97,90,True,,,False,OH,US,True,2,
2088,ce85de1d-230d-4a8e-a106-edf07ffa1f3b,BCC,BCC,29586e22-00bf-4184-b3e9-31f0d27274a4,90,True,State of California BCC,True,False,CA,US,True,1,
2097,8f6becf7-5722-45ba-8a4e-eeaf6c1889dd,ELKGROVE,ELKGROVE,c5461611-3148-4cc4-a4c9-1726323f98a7,90,True,,,False,IL,US,True,2,
2100,d2466833-5b34-47ee-9455-ef119da11774,NYPA,NYPA,52f80df3-26db-462a-8c4c-125fdb29ce97,90,True,,,False,NY,US,True,2,
2104,9226d497-f844-49f8-9e6c-ef4bd7460699,DENDSDev,Denver,6255d00f-509c-4549-8064-34320f72c62e,90,True,DENDSDev,True,False,CO,US,True,1,
2112,7495836d-7d9c-4e49-90d8-f02b6c045750,SANTAMONICA-CE,SANTAMONICA,fbfd7e2f-c1bc-4d55-93b1-3d6aa966e052,90,True,SANTA MONICA FOR CODE ENFORCEMENT,,False,CA,US,True,2,logo.jpg
2117,c23085ff-b726-4b6e-b701-f099fc4d27d6,SANTAMONICA-BS,SANTAMONICA,fbfd7e2f-c1bc-4d55-93b1-3d6aa966e052,90,True,SANTA MONICA FOR BUILDING AND SAFETY,,False,CA,US,True,2,logo.jpg
2123,8545e0f4-2b81-49b2-856c-f1e9919ed2da,SLCREF-AMS,SLCREF,0ca41fb9-60c3-42b5-ae75-081903022e09,90,True,SLC AMS,True,False,UT,US,True,2,logo.png
2130,ea2bebb9-92b6-4764-873e-f277d2496144,UMATILLA,UMATILLA,30a4a660-2bac-48c1-868d-98d6599cf1b6,90,True,Umatilla,True,False,OR,US,True,1,
2136,9e083956-3039-463c-aaa1-f3266c92343e,LARA,LARA,52f80df3-26db-462a-8c4c-125fdb29ce97,90,True,LARA,True,False,MI,US,True,2,
2140,e3930e00-a528-4106-b96d-f357030d5c0c,EPLANSOFT,EPLANSOFT,dcf75707-af9b-4472-b4ba-812ffaec2242,90,True,EPLANSOFT,True,False,CA,US,True,1,
2141,0105da86-e377-4e94-89d5-f369b410406e,CLOUD20,CLOUD20,c19b975c-f24f-4900-a809-4129e8a96d30,90,True,_Cloud20-DEMO,True,False,CA,US,True,1,
2152,d8d550ca-5e3d-4d68-9a14-f41feadc21b2,CHARLOTTE,CHARLOTTE,52f80df3-26db-462a-8c4c-125fdb29ce97,90,True,City of Charlotte,True,False,NC,US,True,2,logo.jpg
2153,399e795f-2814-4afd-9a35-f421b4ae3895,JEFFERSON_CO,JEFFERSON_CO,30a4a660-2bac-48c1-868d-98d6599cf1b6,90,True,Jefferson County,True,False,OR,US,True,1,logo.png
2157,1c41196d-5712-48fa-be60-f47ac3480818,MESA,MESA,52f80df3-26db-462a-8c4c-125fdb29ce97,90,True,MESA,True,False,AZ,US,True,2,logo.jpg
2163,4e8c1e4c-ca7f-4335-bab2-f50d23d5488c,SOUTHBENDIN,SOUTHBENDIN,52f80df3-26db-462a-8c4c-125fdb29ce97,100,True,"City of South Bend, IN",True,False,IN,US,True,2,logo.jpg
2165,30d294be-c5e0-4db2-9c69-f59db5022e3e,SOUTHLK,SOUTHLK,21c44f07-cba8-49d7-902d-b8b300a89fdc,90,True,"City of Southlake, TX",True,False,TX,US,True,1,logo.jpg
2169,4593b71a-4499-4d99-b87d-f60e75d79956,cos-spd,cos,0d21961d-226c-4e48-989a-0257b2f93d05,90,True,Springfield Police Ordinance Squad,,False,MA,US,True,2,
2172,4158cfa5-ff2b-4475-bd1e-f659beea9f52,DENROWDev,Denver,6255d00f-509c-4549-8064-34320f72c62e,90,True,DENROWDev,True,False,CO,US,True,1,
2175,857e4c10-3b15-4957-9b2e-f70104fe3f6e,CROOK_CO,CROOK_CO,30a4a660-2bac-48c1-868d-98d6599cf1b6,90,True,Crook County ,True,False,OR,US,True,1,logo.PNG
2181,872da4a4-fed2-4b92-b443-f7b0dc97c045,DC,DC,08c2927b-b9b4-45bf-8034-19e523517220,90,True,,,False,DC,US,True,1,
2182,d8da2b61-311e-41cd-bdad-f7d6258a1482,NBF,NBF,80ba3e65-86e7-4c9b-b6ec-0dd29eb671f6,90,True,City of New Braunfels,,False,TX,US,True,1,
2186,b855e57f-f273-4331-9099-f84aaac3f498,AZTAMPA,TAMPA,52f80df3-26db-462a-8c4c-125fdb29ce97,90,True,"City of Tampa, Florida",True,False,FL,US,True,2,
2197,d3af5cda-dd4d-415b-a5c5-f9f8efc7db5b,DUPAGE,DUPAGE,52f80df3-26db-462a-8c4c-125fdb29ce97,90,True,DuPage County,True,False,IL,US,True,2,
2201,054cb4c3-9cd1-41ac-9c4b-fa624c324bda,STANCO,STANCO,f8d899e3-9885-432d-a92b-52ccde173562,90,True,Stanislaus County,,False,CA,US,True,2,
2204,733ebb31-281b-4954-8720-fae9a0f14db3,COOS_CO,COOS_CO,30a4a660-2bac-48c1-868d-98d6599cf1b6,90,True,Coos County,True,False,OR,US,True,1,logo.png
2209,9a830790-9908-4bb2-a4ff-fbb24556ffb5,CLOUD06,CLOUD06,c19b975c-f24f-4900-a809-4129e8a96d30,90,True,_Cloud06-DEMO,True,False,CA,US,True,1,logo.png
2210,b2a3e001-fda5-4dc9-b81d-fbc55925132b,WASHOE,WASHOE,52f80df3-26db-462a-8c4c-125fdb29ce97,90,True,WASHOE,True,False,NV,US,True,2,
2215,a5c107cd-b570-41e3-a938-fc371f117053,PORTCHESTER,PORTCHESTER,52f80df3-26db-462a-8c4c-125fdb29ce97,90,True,"Port Chester, NY",True,False,NY,US,True,2,
2222,dad7d22b-3bdf-4466-b6fe-fe06be48d57f,MERIDIAN,MERIDIAN,7dbcaad9-ea25-43b8-880e-6b5642f929ce,90,True,MERIDIAN,,False,ID,US,True,1,logo.png
2224,445e9903-ff08-453b-ab30-fe21a0c03e5c,MPWMD,MPWMD,52f80df3-26db-462a-8c4c-125fdb29ce97,90,True,,,False,CA,US,True,2,
2226,51488df2-c21a-4971-986d-fe368e20eb1d,CLOUD_ODOT,CLOUD_ODOT,c19b975c-f24f-4900-a809-4129e8a96d30,90,True,_Cloud_ODOT-DEMO,True,False,OR,US,True,1,
2227,f607f0a0-5210-4880-ad7d-fe4d835a30c2,SANDY,SANDY,30a4a660-2bac-48c1-868d-98d6599cf1b6,90,True,City of Sandy,True,False,OR,US,True,1,
2244,deea5e0d-908a-4f60-9d99-ffe716afd5f3,WESTSPRINGFIELD,WESTSPRINGFIELD,e2cb7068-865f-4b0d-b774-4d1a63e66c61,90,True,"Town of West Springfield, MA",,False,MA,US,True,1,logo.png
